atividade_nome                                              ,turma                                               ,aluno_nome                 ,aluno_login                       ,num_exercicio ,resp_aluno                                           ,gabarito ,certo_ou_errado ,tempo_no_exercicio(s) ,valor_do_exercicio ,nota_professores ,feedback_professores
SimUFSC 2022.1 - [Einstein Floripa] - Dia 1 [Espanhol] - AE ,[Einstein Floripa] - SimUFSC 2022.1 (AE - Espanhol) ,Ágata Cristina Cidade      ,brasilcursinhos_agata.cristina    ,            1 ,                                                     ,      50 ,errado          ,                      ,"0,769231"         ,                 ,
SimUFSC 2022.1 - [Einstein Floripa] - Dia 1 [Espanhol] - AE ,[Einstein Floripa] - SimUFSC 2022.1 (AE - Espanhol) ,Ágata Cristina Cidade      ,brasilcursinhos_agata.cristina    ,            2 ,                                                     ,      13 ,errado          ,                      ,"0,769231"         ,                 ,
SimUFSC 2022.1 - [Einstein Floripa] - Dia 1 [Espanhol] - AE ,[Einstein Floripa] - SimUFSC 2022.1 (AE - Espanhol) ,Ágata Cristina Cidade      ,brasilcursinhos_agata.cristina    ,            3 ,                                                     ,      12 ,errado          ,                      ,"0,769231"         ,                 ,
SimUFSC 2022.1 - [Einstein Floripa] - Dia 1 [Espanhol] - AE ,[Einstein Floripa] - SimUFSC 2022.1 (AE - Espanhol) ,Ágata Cristina Cidade      ,brasilcursinhos_agata.cristina    ,            4 ,                                                     ,      22 ,errado          ,                      ,"0,769231"         ,                 ,
SimUFSC 2022.1 - [Einstein Floripa] - Dia 1 [Espanhol] - AE ,[Einstein Floripa] - SimUFSC 2022.1 (AE - Espanhol) ,Ágata Cristina Cidade      ,brasilcursinhos_agata.cristina    ,            5 ,                                                     ,      17 ,errado          ,                      ,"0,769231"         ,                 ,
SimUFSC 2022.1 - [Einstein Floripa] - Dia 1 [Espanhol] - AE ,[Einstein Floripa] - SimUFSC 2022.1 (AE - Espanhol) ,Ágata Cristina Cidade      ,brasilcursinhos_agata.cristina    ,            6 ,                                                     ,      15 ,errado          ,                      ,"0,769231"         ,                 ,
SimUFSC 2022.1 - [Einstein Floripa] - Dia 1 [Espanhol] - AE ,[Einstein Floripa] - SimUFSC 2022.1 (AE - Espanhol) ,Ágata Cristina Cidade      ,brasilcursinhos_agata.cristina    ,            7 ,                                                     ,      22 ,errado          ,                      ,"0,769231"         ,                 ,
SimUFSC 2022.1 - [Einstein Floripa] - Dia 1 [Espanhol] - AE ,[Einstein Floripa] - SimUFSC 2022.1 (AE - Espanhol) ,Ágata Cristina Cidade      ,brasilcursinhos_agata.cristina    ,            8 ,                                                     ,       6 ,errado          ,                      ,"0,769232"         ,                 ,
SimUFSC 2022.1 - [Einstein Floripa] - Dia 1 [Espanhol] - AE ,[Einstein Floripa] - SimUFSC 2022.1 (AE - Espanhol) ,Ágata Cristina Cidade      ,brasilcursinhos_agata.cristina    ,            9 ,                                                     ,       5 ,errado          ,                      ,"0,769232"         ,                 ,
SimUFSC 2022.1 - [Einstein Floripa] - Dia 1 [Espanhol] - AE ,[Einstein Floripa] - SimUFSC 2022.1 (AE - Espanhol) ,Ágata Cristina Cidade      ,brasilcursinhos_agata.cristina    ,           10 ,                                                     ,      14 ,errado          ,                      ,"0,769232"         ,                 ,
SimUFSC 2022.1 - [Einstein Floripa] - Dia 1 [Espanhol] - AE ,[Einstein Floripa] - SimUFSC 2022.1 (AE - Espanhol) ,Ágata Cristina Cidade      ,brasilcursinhos_agata.cristina    ,           11 ,                                                     ,       7 ,errado          ,                      ,"0,769233"         ,                 ,
SimUFSC 2022.1 - [Einstein Floripa] - Dia 1 [Espanhol] - AE ,[Einstein Floripa] - SimUFSC 2022.1 (AE - Espanhol) ,Ágata Cristina Cidade      ,brasilcursinhos_agata.cristina    ,           12 ,                                                     ,       1 ,errado          ,                      ,"0,769235"         ,                 ,
SimUFSC 2022.1 - [Einstein Floripa] - Dia 1 [Espanhol] - AE ,[Einstein Floripa] - SimUFSC 2022.1 (AE - Espanhol) ,Ágata Cristina Cidade      ,brasilcursinhos_agata.cristina    ,           13 ,                                                     ,      12 ,errado          ,                      ,"0,76924"          ,                 ,
SimUFSC 2022.1 - [Einstein Floripa] - Dia 1 [Espanhol] - AE ,[Einstein Floripa] - SimUFSC 2022.1 (AE - Espanhol) ,Ágata Cristina Cidade      ,brasilcursinhos_agata.cristina    ,           14 ,                                                     ,      12 ,errado          ,                      ,"1,25"             ,                 ,
SimUFSC 2022.1 - [Einstein Floripa] - Dia 1 [Espanhol] - AE ,[Einstein Floripa] - SimUFSC 2022.1 (AE - Espanhol) ,Ágata Cristina Cidade      ,brasilcursinhos_agata.cristina    ,           15 ,                                                     ,      04 ,errado          ,                      ,"1,25"             ,                 ,
SimUFSC 2022.1 - [Einstein Floripa] - Dia 1 [Espanhol] - AE ,[Einstein Floripa] - SimUFSC 2022.1 (AE - Espanhol) ,Ágata Cristina Cidade      ,brasilcursinhos_agata.cristina    ,           16 ,                                                     ,      03 ,errado          ,                      ,"1,25"             ,                 ,
SimUFSC 2022.1 - [Einstein Floripa] - Dia 1 [Espanhol] - AE ,[Einstein Floripa] - SimUFSC 2022.1 (AE - Espanhol) ,Ágata Cristina Cidade      ,brasilcursinhos_agata.cristina    ,           17 ,                                                     ,       9 ,errado          ,                      ,"1,25"             ,                 ,
SimUFSC 2022.1 - [Einstein Floripa] - Dia 1 [Espanhol] - AE ,[Einstein Floripa] - SimUFSC 2022.1 (AE - Espanhol) ,Ágata Cristina Cidade      ,brasilcursinhos_agata.cristina    ,           18 ,                                                     ,      03 ,errado          ,                      ,"1,25"             ,                 ,
SimUFSC 2022.1 - [Einstein Floripa] - Dia 1 [Espanhol] - AE ,[Einstein Floripa] - SimUFSC 2022.1 (AE - Espanhol) ,Ágata Cristina Cidade      ,brasilcursinhos_agata.cristina    ,           19 ,                                                     ,      20 ,errado          ,                      ,"1,25"             ,                 ,
SimUFSC 2022.1 - [Einstein Floripa] - Dia 1 [Espanhol] - AE ,[Einstein Floripa] - SimUFSC 2022.1 (AE - Espanhol) ,Ágata Cristina Cidade      ,brasilcursinhos_agata.cristina    ,           20 ,                                                     ,      01 ,errado          ,                      ,"1,25"             ,                 ,
SimUFSC 2022.1 - [Einstein Floripa] - Dia 1 [Espanhol] - AE ,[Einstein Floripa] - SimUFSC 2022.1 (AE - Espanhol) ,Ágata Cristina Cidade      ,brasilcursinhos_agata.cristina    ,           21 ,                                                     ,      38 ,errado          ,                      ,"1,25"             ,                 ,
SimUFSC 2022.1 - [Einstein Floripa] - Dia 1 [Espanhol] - AE ,[Einstein Floripa] - SimUFSC 2022.1 (AE - Espanhol) ,Ágata Cristina Cidade      ,brasilcursinhos_agata.cristina    ,           22 ,                                                     ,         ,não corrigido   ,                      ,"0,909091"         ,                 ,
SimUFSC 2022.1 - [Einstein Floripa] - Dia 1 [Espanhol] - AE ,[Einstein Floripa] - SimUFSC 2022.1 (AE - Espanhol) ,Ágata Cristina Cidade      ,brasilcursinhos_agata.cristina    ,           23 ,                                                     ,      10 ,errado          ,                      ,"0,909091"         ,                 ,
SimUFSC 2022.1 - [Einstein Floripa] - Dia 1 [Espanhol] - AE ,[Einstein Floripa] - SimUFSC 2022.1 (AE - Espanhol) ,Ágata Cristina Cidade      ,brasilcursinhos_agata.cristina    ,           24 ,                                                     ,      09 ,errado          ,                      ,"0,909091"         ,                 ,
SimUFSC 2022.1 - [Einstein Floripa] - Dia 1 [Espanhol] - AE ,[Einstein Floripa] - SimUFSC 2022.1 (AE - Espanhol) ,Ágata Cristina Cidade      ,brasilcursinhos_agata.cristina    ,           25 ,                                                     ,      22 ,errado          ,                      ,"0,909091"         ,                 ,
SimUFSC 2022.1 - [Einstein Floripa] - Dia 1 [Espanhol] - AE ,[Einstein Floripa] - SimUFSC 2022.1 (AE - Espanhol) ,Ágata Cristina Cidade      ,brasilcursinhos_agata.cristina    ,           26 ,                                                     ,      05 ,errado          ,                      ,"0,909091"         ,                 ,
SimUFSC 2022.1 - [Einstein Floripa] - Dia 1 [Espanhol] - AE ,[Einstein Floripa] - SimUFSC 2022.1 (AE - Espanhol) ,Ágata Cristina Cidade      ,brasilcursinhos_agata.cristina    ,           27 ,                                                     ,      02 ,errado          ,                      ,"0,909092"         ,                 ,
SimUFSC 2022.1 - [Einstein Floripa] - Dia 1 [Espanhol] - AE ,[Einstein Floripa] - SimUFSC 2022.1 (AE - Espanhol) ,Ágata Cristina Cidade      ,brasilcursinhos_agata.cristina    ,           28 ,                                                     ,      06 ,errado          ,                      ,"0,909092"         ,                 ,
SimUFSC 2022.1 - [Einstein Floripa] - Dia 1 [Espanhol] - AE ,[Einstein Floripa] - SimUFSC 2022.1 (AE - Espanhol) ,Ágata Cristina Cidade      ,brasilcursinhos_agata.cristina    ,           29 ,                                                     ,      03 ,errado          ,                      ,"0,909092"         ,                 ,
SimUFSC 2022.1 - [Einstein Floripa] - Dia 1 [Espanhol] - AE ,[Einstein Floripa] - SimUFSC 2022.1 (AE - Espanhol) ,Ágata Cristina Cidade      ,brasilcursinhos_agata.cristina    ,           30 ,                                                     ,      11 ,errado          ,                      ,"0,909093"         ,                 ,
SimUFSC 2022.1 - [Einstein Floripa] - Dia 1 [Espanhol] - AE ,[Einstein Floripa] - SimUFSC 2022.1 (AE - Espanhol) ,Ágata Cristina Cidade      ,brasilcursinhos_agata.cristina    ,           31 ,                                                     ,      10 ,errado          ,                      ,"0,909095"         ,                 ,
SimUFSC 2022.1 - [Einstein Floripa] - Dia 1 [Espanhol] - AE ,[Einstein Floripa] - SimUFSC 2022.1 (AE - Espanhol) ,Ágata Cristina Cidade      ,brasilcursinhos_agata.cristina    ,           32 ,                                                     ,      18 ,errado          ,                      ,"0,90909"          ,                 ,
SimUFSC 2022.1 - [Einstein Floripa] - Dia 1 [Espanhol] - AE ,[Einstein Floripa] - SimUFSC 2022.1 (AE - Espanhol) ,Ágata Cristina Cidade      ,brasilcursinhos_agata.cristina    ,           33 ,                                                     ,      29 ,errado          ,                      ,1                  ,                 ,
SimUFSC 2022.1 - [Einstein Floripa] - Dia 1 [Espanhol] - AE ,[Einstein Floripa] - SimUFSC 2022.1 (AE - Espanhol) ,Ágata Cristina Cidade      ,brasilcursinhos_agata.cristina    ,           34 ,                                                     ,      52 ,errado          ,                      ,1                  ,                 ,
SimUFSC 2022.1 - [Einstein Floripa] - Dia 1 [Espanhol] - AE ,[Einstein Floripa] - SimUFSC 2022.1 (AE - Espanhol) ,Ágata Cristina Cidade      ,brasilcursinhos_agata.cristina    ,           35 ,                                                     ,      54 ,errado          ,                      ,1                  ,                 ,
SimUFSC 2022.1 - [Einstein Floripa] - Dia 1 [Espanhol] - AE ,[Einstein Floripa] - SimUFSC 2022.1 (AE - Espanhol) ,Ágata Cristina Cidade      ,brasilcursinhos_agata.cristina    ,           36 ,                                                     ,      75 ,errado          ,                      ,1                  ,                 ,
SimUFSC 2022.1 - [Einstein Floripa] - Dia 1 [Espanhol] - AE ,[Einstein Floripa] - SimUFSC 2022.1 (AE - Espanhol) ,Ágata Cristina Cidade      ,brasilcursinhos_agata.cristina    ,           37 ,                                                     ,      35 ,errado          ,                      ,1                  ,                 ,
SimUFSC 2022.1 - [Einstein Floripa] - Dia 1 [Espanhol] - AE ,[Einstein Floripa] - SimUFSC 2022.1 (AE - Espanhol) ,Ágata Cristina Cidade      ,brasilcursinhos_agata.cristina    ,           38 ,                                                     ,      36 ,errado          ,                      ,1                  ,                 ,
SimUFSC 2022.1 - [Einstein Floripa] - Dia 1 [Espanhol] - AE ,[Einstein Floripa] - SimUFSC 2022.1 (AE - Espanhol) ,Ágata Cristina Cidade      ,brasilcursinhos_agata.cristina    ,           39 ,                                                     ,       8 ,errado          ,                      ,1                  ,                 ,
SimUFSC 2022.1 - [Einstein Floripa] - Dia 1 [Espanhol] - AE ,[Einstein Floripa] - SimUFSC 2022.1 (AE - Espanhol) ,Ágata Cristina Cidade      ,brasilcursinhos_agata.cristina    ,           40 ,                                                     ,      27 ,errado          ,                      ,1                  ,                 ,
SimUFSC 2022.1 - [Einstein Floripa] - Dia 1 [Espanhol] - AE ,[Einstein Floripa] - SimUFSC 2022.1 (AE - Espanhol) ,Ágata Cristina Cidade      ,brasilcursinhos_agata.cristina    ,           41 ,                                                     ,      15 ,errado          ,                      ,1                  ,                 ,
SimUFSC 2022.1 - [Einstein Floripa] - Dia 1 [Espanhol] - AE ,[Einstein Floripa] - SimUFSC 2022.1 (AE - Espanhol) ,Ágata Cristina Cidade      ,brasilcursinhos_agata.cristina    ,           42 ,                                                     ,      55 ,errado          ,                      ,1                  ,                 ,
SimUFSC 2022.1 - [Einstein Floripa] - Dia 1 [Espanhol] - AE ,[Einstein Floripa] - SimUFSC 2022.1 (AE - Espanhol) ,Emanuelli Marques de Souza ,brasilcursinhos_emanuelli.marques ,            1 ,16                                                   ,      50 ,errado          ,                  207 ,"0,769231"         ,                 ,
SimUFSC 2022.1 - [Einstein Floripa] - Dia 1 [Espanhol] - AE ,[Einstein Floripa] - SimUFSC 2022.1 (AE - Espanhol) ,Emanuelli Marques de Souza ,brasilcursinhos_emanuelli.marques ,            2 ,01                                                   ,      13 ,errado          ,                  139 ,"0,769231"         ,                 ,
SimUFSC 2022.1 - [Einstein Floripa] - Dia 1 [Espanhol] - AE ,[Einstein Floripa] - SimUFSC 2022.1 (AE - Espanhol) ,Emanuelli Marques de Souza ,brasilcursinhos_emanuelli.marques ,            3 ,13                                                   ,      12 ,errado          ,                  126 ,"0,769231"         ,                 ,
SimUFSC 2022.1 - [Einstein Floripa] - Dia 1 [Espanhol] - AE ,[Einstein Floripa] - SimUFSC 2022.1 (AE - Espanhol) ,Emanuelli Marques de Souza ,brasilcursinhos_emanuelli.marques ,            4 ,20                                                   ,      22 ,errado          ,                  587 ,"0,769231"         ,                 ,
SimUFSC 2022.1 - [Einstein Floripa] - Dia 1 [Espanhol] - AE ,[Einstein Floripa] - SimUFSC 2022.1 (AE - Espanhol) ,Emanuelli Marques de Souza ,brasilcursinhos_emanuelli.marques ,            5 ,17                                                   ,      17 ,certo           ,                  215 ,"0,769231"         ,                 ,
SimUFSC 2022.1 - [Einstein Floripa] - Dia 1 [Espanhol] - AE ,[Einstein Floripa] - SimUFSC 2022.1 (AE - Espanhol) ,Emanuelli Marques de Souza ,brasilcursinhos_emanuelli.marques ,            6 ,10                                                   ,      15 ,errado          ,                  127 ,"0,769231"         ,                 ,
SimUFSC 2022.1 - [Einstein Floripa] - Dia 1 [Espanhol] - AE ,[Einstein Floripa] - SimUFSC 2022.1 (AE - Espanhol) ,Emanuelli Marques de Souza ,brasilcursinhos_emanuelli.marques ,            7 ,04                                                   ,      22 ,errado          ,                  477 ,"0,769231"         ,                 ,
SimUFSC 2022.1 - [Einstein Floripa] - Dia 1 [Espanhol] - AE ,[Einstein Floripa] - SimUFSC 2022.1 (AE - Espanhol) ,Emanuelli Marques de Souza ,brasilcursinhos_emanuelli.marques ,            8 ,02                                                   ,       6 ,errado          ,                  166 ,"0,769232"         ,                 ,
SimUFSC 2022.1 - [Einstein Floripa] - Dia 1 [Espanhol] - AE ,[Einstein Floripa] - SimUFSC 2022.1 (AE - Espanhol) ,Emanuelli Marques de Souza ,brasilcursinhos_emanuelli.marques ,            9 ,05                                                   ,       5 ,errado          ,                   90 ,"0,769232"         ,                 ,
SimUFSC 2022.1 - [Einstein Floripa] - Dia 1 [Espanhol] - AE ,[Einstein Floripa] - SimUFSC 2022.1 (AE - Espanhol) ,Emanuelli Marques de Souza ,brasilcursinhos_emanuelli.marques ,           10 ,06                                                   ,      14 ,errado          ,                  138 ,"0,769232"         ,                 ,
SimUFSC 2022.1 - [Einstein Floripa] - Dia 1 [Espanhol] - AE ,[Einstein Floripa] - SimUFSC 2022.1 (AE - Espanhol) ,Emanuelli Marques de Souza ,brasilcursinhos_emanuelli.marques ,           11 ,07                                                   ,       7 ,errado          ,                  292 ,"0,769233"         ,                 ,
SimUFSC 2022.1 - [Einstein Floripa] - Dia 1 [Espanhol] - AE ,[Einstein Floripa] - SimUFSC 2022.1 (AE - Espanhol) ,Emanuelli Marques de Souza ,brasilcursinhos_emanuelli.marques ,           12 ,03                                                   ,       1 ,errado          ,                  174 ,"0,769235"         ,                 ,
SimUFSC 2022.1 - [Einstein Floripa] - Dia 1 [Espanhol] - AE ,[Einstein Floripa] - SimUFSC 2022.1 (AE - Espanhol) ,Emanuelli Marques de Souza ,brasilcursinhos_emanuelli.marques ,           13 ,12                                                   ,      12 ,certo           ,                  226 ,"0,76924"          ,                 ,
SimUFSC 2022.1 - [Einstein Floripa] - Dia 1 [Espanhol] - AE ,[Einstein Floripa] - SimUFSC 2022.1 (AE - Espanhol) ,Emanuelli Marques de Souza ,brasilcursinhos_emanuelli.marques ,           14 ,12                                                   ,      12 ,certo           ,                  398 ,"1,25"             ,                 ,
SimUFSC 2022.1 - [Einstein Floripa] - Dia 1 [Espanhol] - AE ,[Einstein Floripa] - SimUFSC 2022.1 (AE - Espanhol) ,Emanuelli Marques de Souza ,brasilcursinhos_emanuelli.marques ,           15 ,16                                                   ,      04 ,errado          ,                   72 ,"1,25"             ,                 ,
SimUFSC 2022.1 - [Einstein Floripa] - Dia 1 [Espanhol] - AE ,[Einstein Floripa] - SimUFSC 2022.1 (AE - Espanhol) ,Emanuelli Marques de Souza ,brasilcursinhos_emanuelli.marques ,           16 ,01                                                   ,      03 ,errado          ,                  292 ,"1,25"             ,                 ,
SimUFSC 2022.1 - [Einstein Floripa] - Dia 1 [Espanhol] - AE ,[Einstein Floripa] - SimUFSC 2022.1 (AE - Espanhol) ,Emanuelli Marques de Souza ,brasilcursinhos_emanuelli.marques ,           17 ,05                                                   ,       9 ,errado          ,                  250 ,"1,25"             ,                 ,
SimUFSC 2022.1 - [Einstein Floripa] - Dia 1 [Espanhol] - AE ,[Einstein Floripa] - SimUFSC 2022.1 (AE - Espanhol) ,Emanuelli Marques de Souza ,brasilcursinhos_emanuelli.marques ,           18 ,03                                                   ,      03 ,certo           ,                  184 ,"1,25"             ,                 ,
SimUFSC 2022.1 - [Einstein Floripa] - Dia 1 [Espanhol] - AE ,[Einstein Floripa] - SimUFSC 2022.1 (AE - Espanhol) ,Emanuelli Marques de Souza ,brasilcursinhos_emanuelli.marques ,           19 ,04                                                   ,      20 ,errado          ,                  136 ,"1,25"             ,                 ,
SimUFSC 2022.1 - [Einstein Floripa] - Dia 1 [Espanhol] - AE ,[Einstein Floripa] - SimUFSC 2022.1 (AE - Espanhol) ,Emanuelli Marques de Souza ,brasilcursinhos_emanuelli.marques ,           20 ,05                                                   ,      01 ,errado          ,                  150 ,"1,25"             ,                 ,
SimUFSC 2022.1 - [Einstein Floripa] - Dia 1 [Espanhol] - AE ,[Einstein Floripa] - SimUFSC 2022.1 (AE - Espanhol) ,Emanuelli Marques de Souza ,brasilcursinhos_emanuelli.marques ,           21 ,06                                                   ,      38 ,errado          ,                  139 ,"1,25"             ,                 ,
SimUFSC 2022.1 - [Einstein Floripa] - Dia 1 [Espanhol] - AE ,[Einstein Floripa] - SimUFSC 2022.1 (AE - Espanhol) ,Emanuelli Marques de Souza ,brasilcursinhos_emanuelli.marques ,           22 ,<p>Ok</p>                                            ,         ,não corrigido   ,                   17 ,"0,909091"         ,                 ,
SimUFSC 2022.1 - [Einstein Floripa] - Dia 1 [Espanhol] - AE ,[Einstein Floripa] - SimUFSC 2022.1 (AE - Espanhol) ,Emanuelli Marques de Souza ,brasilcursinhos_emanuelli.marques ,           23 ,16                                                   ,      10 ,errado          ,                   78 ,"0,909091"         ,                 ,
SimUFSC 2022.1 - [Einstein Floripa] - Dia 1 [Espanhol] - AE ,[Einstein Floripa] - SimUFSC 2022.1 (AE - Espanhol) ,Emanuelli Marques de Souza ,brasilcursinhos_emanuelli.marques ,           24 ,08                                                   ,      09 ,errado          ,                  914 ,"0,909091"         ,                 ,
SimUFSC 2022.1 - [Einstein Floripa] - Dia 1 [Espanhol] - AE ,[Einstein Floripa] - SimUFSC 2022.1 (AE - Espanhol) ,Emanuelli Marques de Souza ,brasilcursinhos_emanuelli.marques ,           25 ,02                                                   ,      22 ,errado          ,                   79 ,"0,909091"         ,                 ,
SimUFSC 2022.1 - [Einstein Floripa] - Dia 1 [Espanhol] - AE ,[Einstein Floripa] - SimUFSC 2022.1 (AE - Espanhol) ,Emanuelli Marques de Souza ,brasilcursinhos_emanuelli.marques ,           26 ,04                                                   ,      05 ,errado          ,                 1181 ,"0,909091"         ,                 ,
SimUFSC 2022.1 - [Einstein Floripa] - Dia 1 [Espanhol] - AE ,[Einstein Floripa] - SimUFSC 2022.1 (AE - Espanhol) ,Emanuelli Marques de Souza ,brasilcursinhos_emanuelli.marques ,           27 ,                                                     ,      02 ,errado          ,                    4 ,"0,909092"         ,                 ,
SimUFSC 2022.1 - [Einstein Floripa] - Dia 1 [Espanhol] - AE ,[Einstein Floripa] - SimUFSC 2022.1 (AE - Espanhol) ,Emanuelli Marques de Souza ,brasilcursinhos_emanuelli.marques ,           28 ,02                                                   ,      06 ,errado          ,                  226 ,"0,909092"         ,                 ,
SimUFSC 2022.1 - [Einstein Floripa] - Dia 1 [Espanhol] - AE ,[Einstein Floripa] - SimUFSC 2022.1 (AE - Espanhol) ,Emanuelli Marques de Souza ,brasilcursinhos_emanuelli.marques ,           29 ,08                                                   ,      03 ,errado          ,                  139 ,"0,909092"         ,                 ,
SimUFSC 2022.1 - [Einstein Floripa] - Dia 1 [Espanhol] - AE ,[Einstein Floripa] - SimUFSC 2022.1 (AE - Espanhol) ,Emanuelli Marques de Souza ,brasilcursinhos_emanuelli.marques ,           30 ,02                                                   ,      11 ,errado          ,                  241 ,"0,909093"         ,                 ,
SimUFSC 2022.1 - [Einstein Floripa] - Dia 1 [Espanhol] - AE ,[Einstein Floripa] - SimUFSC 2022.1 (AE - Espanhol) ,Emanuelli Marques de Souza ,brasilcursinhos_emanuelli.marques ,           31 ,02                                                   ,      10 ,errado          ,                   16 ,"0,909095"         ,                 ,
SimUFSC 2022.1 - [Einstein Floripa] - Dia 1 [Espanhol] - AE ,[Einstein Floripa] - SimUFSC 2022.1 (AE - Espanhol) ,Emanuelli Marques de Souza ,brasilcursinhos_emanuelli.marques ,           32 ,04                                                   ,      18 ,errado          ,                    8 ,"0,90909"          ,                 ,
SimUFSC 2022.1 - [Einstein Floripa] - Dia 1 [Espanhol] - AE ,[Einstein Floripa] - SimUFSC 2022.1 (AE - Espanhol) ,Emanuelli Marques de Souza ,brasilcursinhos_emanuelli.marques ,           33 ,02                                                   ,      29 ,errado          ,                  193 ,1                  ,                 ,
SimUFSC 2022.1 - [Einstein Floripa] - Dia 1 [Espanhol] - AE ,[Einstein Floripa] - SimUFSC 2022.1 (AE - Espanhol) ,Emanuelli Marques de Souza ,brasilcursinhos_emanuelli.marques ,           34 ,18                                                   ,      52 ,errado          ,                  360 ,1                  ,                 ,
SimUFSC 2022.1 - [Einstein Floripa] - Dia 1 [Espanhol] - AE ,[Einstein Floripa] - SimUFSC 2022.1 (AE - Espanhol) ,Emanuelli Marques de Souza ,brasilcursinhos_emanuelli.marques ,           35 ,66                                                   ,      54 ,errado          ,                  135 ,1                  ,                 ,
SimUFSC 2022.1 - [Einstein Floripa] - Dia 1 [Espanhol] - AE ,[Einstein Floripa] - SimUFSC 2022.1 (AE - Espanhol) ,Emanuelli Marques de Souza ,brasilcursinhos_emanuelli.marques ,           36 ,16                                                   ,      75 ,errado          ,                  124 ,1                  ,                 ,
SimUFSC 2022.1 - [Einstein Floripa] - Dia 1 [Espanhol] - AE ,[Einstein Floripa] - SimUFSC 2022.1 (AE - Espanhol) ,Emanuelli Marques de Souza ,brasilcursinhos_emanuelli.marques ,           37 ,33                                                   ,      35 ,errado          ,                  126 ,1                  ,                 ,
SimUFSC 2022.1 - [Einstein Floripa] - Dia 1 [Espanhol] - AE ,[Einstein Floripa] - SimUFSC 2022.1 (AE - Espanhol) ,Emanuelli Marques de Souza ,brasilcursinhos_emanuelli.marques ,           38 ,36                                                   ,      36 ,certo           ,                   74 ,1                  ,                 ,
SimUFSC 2022.1 - [Einstein Floripa] - Dia 1 [Espanhol] - AE ,[Einstein Floripa] - SimUFSC 2022.1 (AE - Espanhol) ,Emanuelli Marques de Souza ,brasilcursinhos_emanuelli.marques ,           39 ,01                                                   ,       8 ,errado          ,                   53 ,1                  ,                 ,
SimUFSC 2022.1 - [Einstein Floripa] - Dia 1 [Espanhol] - AE ,[Einstein Floripa] - SimUFSC 2022.1 (AE - Espanhol) ,Emanuelli Marques de Souza ,brasilcursinhos_emanuelli.marques ,           40 ,03                                                   ,      27 ,errado          ,                  143 ,1                  ,                 ,
SimUFSC 2022.1 - [Einstein Floripa] - Dia 1 [Espanhol] - AE ,[Einstein Floripa] - SimUFSC 2022.1 (AE - Espanhol) ,Emanuelli Marques de Souza ,brasilcursinhos_emanuelli.marques ,           41 ,32                                                   ,      15 ,errado          ,                   61 ,1                  ,                 ,
SimUFSC 2022.1 - [Einstein Floripa] - Dia 1 [Espanhol] - AE ,[Einstein Floripa] - SimUFSC 2022.1 (AE - Espanhol) ,Emanuelli Marques de Souza ,brasilcursinhos_emanuelli.marques ,           42 ,18                                                   ,      55 ,errado          ,                   62 ,1                  ,                 ,
SimUFSC 2022.1 - [Einstein Floripa] - Dia 1 [Espanhol] - AE ,[Einstein Floripa] - SimUFSC 2022.1 (AE - Espanhol) ,Raquel Freire de Jesus     ,brasilcursinhos_raquel.freire     ,            1 ,38                                                   ,      50 ,errado          ,                  375 ,"0,769231"         ,                 ,
SimUFSC 2022.1 - [Einstein Floripa] - Dia 1 [Espanhol] - AE ,[Einstein Floripa] - SimUFSC 2022.1 (AE - Espanhol) ,Raquel Freire de Jesus     ,brasilcursinhos_raquel.freire     ,            2 ,12                                                   ,      13 ,errado          ,                  241 ,"0,769231"         ,                 ,
SimUFSC 2022.1 - [Einstein Floripa] - Dia 1 [Espanhol] - AE ,[Einstein Floripa] - SimUFSC 2022.1 (AE - Espanhol) ,Raquel Freire de Jesus     ,brasilcursinhos_raquel.freire     ,            3 ,13                                                   ,      12 ,errado          ,                  115 ,"0,769231"         ,                 ,
SimUFSC 2022.1 - [Einstein Floripa] - Dia 1 [Espanhol] - AE ,[Einstein Floripa] - SimUFSC 2022.1 (AE - Espanhol) ,Raquel Freire de Jesus     ,brasilcursinhos_raquel.freire     ,            4 ,22                                                   ,      22 ,certo           ,                  325 ,"0,769231"         ,                 ,
SimUFSC 2022.1 - [Einstein Floripa] - Dia 1 [Espanhol] - AE ,[Einstein Floripa] - SimUFSC 2022.1 (AE - Espanhol) ,Raquel Freire de Jesus     ,brasilcursinhos_raquel.freire     ,            5 ,35                                                   ,      17 ,errado          ,                  156 ,"0,769231"         ,                 ,
SimUFSC 2022.1 - [Einstein Floripa] - Dia 1 [Espanhol] - AE ,[Einstein Floripa] - SimUFSC 2022.1 (AE - Espanhol) ,Raquel Freire de Jesus     ,brasilcursinhos_raquel.freire     ,            6 ,11                                                   ,      15 ,errado          ,                   86 ,"0,769231"         ,                 ,
SimUFSC 2022.1 - [Einstein Floripa] - Dia 1 [Espanhol] - AE ,[Einstein Floripa] - SimUFSC 2022.1 (AE - Espanhol) ,Raquel Freire de Jesus     ,brasilcursinhos_raquel.freire     ,            7 ,16                                                   ,      22 ,errado          ,                  384 ,"0,769231"         ,                 ,
SimUFSC 2022.1 - [Einstein Floripa] - Dia 1 [Espanhol] - AE ,[Einstein Floripa] - SimUFSC 2022.1 (AE - Espanhol) ,Raquel Freire de Jesus     ,brasilcursinhos_raquel.freire     ,            8 ,03                                                   ,       6 ,errado          ,                  123 ,"0,769232"         ,                 ,
SimUFSC 2022.1 - [Einstein Floripa] - Dia 1 [Espanhol] - AE ,[Einstein Floripa] - SimUFSC 2022.1 (AE - Espanhol) ,Raquel Freire de Jesus     ,brasilcursinhos_raquel.freire     ,            9 ,05                                                   ,       5 ,errado          ,                   64 ,"0,769232"         ,                 ,
SimUFSC 2022.1 - [Einstein Floripa] - Dia 1 [Espanhol] - AE ,[Einstein Floripa] - SimUFSC 2022.1 (AE - Espanhol) ,Raquel Freire de Jesus     ,brasilcursinhos_raquel.freire     ,           10 ,06                                                   ,      14 ,errado          ,                  198 ,"0,769232"         ,                 ,
SimUFSC 2022.1 - [Einstein Floripa] - Dia 1 [Espanhol] - AE ,[Einstein Floripa] - SimUFSC 2022.1 (AE - Espanhol) ,Raquel Freire de Jesus     ,brasilcursinhos_raquel.freire     ,           11 ,05                                                   ,       7 ,errado          ,                  281 ,"0,769233"         ,                 ,
SimUFSC 2022.1 - [Einstein Floripa] - Dia 1 [Espanhol] - AE ,[Einstein Floripa] - SimUFSC 2022.1 (AE - Espanhol) ,Raquel Freire de Jesus     ,brasilcursinhos_raquel.freire     ,           12 ,01                                                   ,       1 ,errado          ,                  121 ,"0,769235"         ,                 ,
SimUFSC 2022.1 - [Einstein Floripa] - Dia 1 [Espanhol] - AE ,[Einstein Floripa] - SimUFSC 2022.1 (AE - Espanhol) ,Raquel Freire de Jesus     ,brasilcursinhos_raquel.freire     ,           13 ,12                                                   ,      12 ,certo           ,                   62 ,"0,76924"          ,                 ,
SimUFSC 2022.1 - [Einstein Floripa] - Dia 1 [Espanhol] - AE ,[Einstein Floripa] - SimUFSC 2022.1 (AE - Espanhol) ,Raquel Freire de Jesus     ,brasilcursinhos_raquel.freire     ,           14 ,14                                                   ,      12 ,errado          ,                  168 ,"1,25"             ,                 ,
SimUFSC 2022.1 - [Einstein Floripa] - Dia 1 [Espanhol] - AE ,[Einstein Floripa] - SimUFSC 2022.1 (AE - Espanhol) ,Raquel Freire de Jesus     ,brasilcursinhos_raquel.freire     ,           15 ,16                                                   ,      04 ,errado          ,                  128 ,"1,25"             ,                 ,
SimUFSC 2022.1 - [Einstein Floripa] - Dia 1 [Espanhol] - AE ,[Einstein Floripa] - SimUFSC 2022.1 (AE - Espanhol) ,Raquel Freire de Jesus     ,brasilcursinhos_raquel.freire     ,           16 ,01                                                   ,      03 ,errado          ,                  118 ,"1,25"             ,                 ,
SimUFSC 2022.1 - [Einstein Floripa] - Dia 1 [Espanhol] - AE ,[Einstein Floripa] - SimUFSC 2022.1 (AE - Espanhol) ,Raquel Freire de Jesus     ,brasilcursinhos_raquel.freire     ,           17 ,04                                                   ,       9 ,errado          ,                   95 ,"1,25"             ,                 ,
SimUFSC 2022.1 - [Einstein Floripa] - Dia 1 [Espanhol] - AE ,[Einstein Floripa] - SimUFSC 2022.1 (AE - Espanhol) ,Raquel Freire de Jesus     ,brasilcursinhos_raquel.freire     ,           18 ,10                                                   ,      03 ,errado          ,                  108 ,"1,25"             ,                 ,
SimUFSC 2022.1 - [Einstein Floripa] - Dia 1 [Espanhol] - AE ,[Einstein Floripa] - SimUFSC 2022.1 (AE - Espanhol) ,Raquel Freire de Jesus     ,brasilcursinhos_raquel.freire     ,           19 ,20                                                   ,      20 ,certo           ,                  149 ,"1,25"             ,                 ,
SimUFSC 2022.1 - [Einstein Floripa] - Dia 1 [Espanhol] - AE ,[Einstein Floripa] - SimUFSC 2022.1 (AE - Espanhol) ,Raquel Freire de Jesus     ,brasilcursinhos_raquel.freire     ,           20 ,09                                                   ,      01 ,errado          ,                   96 ,"1,25"             ,                 ,
SimUFSC 2022.1 - [Einstein Floripa] - Dia 1 [Espanhol] - AE ,[Einstein Floripa] - SimUFSC 2022.1 (AE - Espanhol) ,Raquel Freire de Jesus     ,brasilcursinhos_raquel.freire     ,           21 ,06                                                   ,      38 ,errado          ,                  128 ,"1,25"             ,                 ,
SimUFSC 2022.1 - [Einstein Floripa] - Dia 1 [Espanhol] - AE ,[Einstein Floripa] - SimUFSC 2022.1 (AE - Espanhol) ,Raquel Freire de Jesus     ,brasilcursinhos_raquel.freire     ,           22 ,"<p><span style=""font-size: 12pt;"">﻿ok</span></p>" ,         ,não corrigido   ,                   21 ,"0,909091"         ,                 ,
SimUFSC 2022.1 - [Einstein Floripa] - Dia 1 [Espanhol] - AE ,[Einstein Floripa] - SimUFSC 2022.1 (AE - Espanhol) ,Raquel Freire de Jesus     ,brasilcursinhos_raquel.freire     ,           23 ,01                                                   ,      10 ,errado          ,                   70 ,"0,909091"         ,                 ,
SimUFSC 2022.1 - [Einstein Floripa] - Dia 1 [Espanhol] - AE ,[Einstein Floripa] - SimUFSC 2022.1 (AE - Espanhol) ,Raquel Freire de Jesus     ,brasilcursinhos_raquel.freire     ,           24 ,08                                                   ,      09 ,errado          ,                  163 ,"0,909091"         ,                 ,
SimUFSC 2022.1 - [Einstein Floripa] - Dia 1 [Espanhol] - AE ,[Einstein Floripa] - SimUFSC 2022.1 (AE - Espanhol) ,Raquel Freire de Jesus     ,brasilcursinhos_raquel.freire     ,           25 ,08                                                   ,      22 ,errado          ,                   23 ,"0,909091"         ,                 ,
SimUFSC 2022.1 - [Einstein Floripa] - Dia 1 [Espanhol] - AE ,[Einstein Floripa] - SimUFSC 2022.1 (AE - Espanhol) ,Raquel Freire de Jesus     ,brasilcursinhos_raquel.freire     ,           26 ,08                                                   ,      05 ,errado          ,                   42 ,"0,909091"         ,                 ,
SimUFSC 2022.1 - [Einstein Floripa] - Dia 1 [Espanhol] - AE ,[Einstein Floripa] - SimUFSC 2022.1 (AE - Espanhol) ,Raquel Freire de Jesus     ,brasilcursinhos_raquel.freire     ,           27 ,59                                                   ,      02 ,errado          ,                   27 ,"0,909092"         ,                 ,
SimUFSC 2022.1 - [Einstein Floripa] - Dia 1 [Espanhol] - AE ,[Einstein Floripa] - SimUFSC 2022.1 (AE - Espanhol) ,Raquel Freire de Jesus     ,brasilcursinhos_raquel.freire     ,           28 ,04                                                   ,      06 ,errado          ,                  134 ,"0,909092"         ,                 ,
SimUFSC 2022.1 - [Einstein Floripa] - Dia 1 [Espanhol] - AE ,[Einstein Floripa] - SimUFSC 2022.1 (AE - Espanhol) ,Raquel Freire de Jesus     ,brasilcursinhos_raquel.freire     ,           29 ,08                                                   ,      03 ,errado          ,                  160 ,"0,909092"         ,                 ,
SimUFSC 2022.1 - [Einstein Floripa] - Dia 1 [Espanhol] - AE ,[Einstein Floripa] - SimUFSC 2022.1 (AE - Espanhol) ,Raquel Freire de Jesus     ,brasilcursinhos_raquel.freire     ,           30 ,02                                                   ,      11 ,errado          ,                  129 ,"0,909093"         ,                 ,
SimUFSC 2022.1 - [Einstein Floripa] - Dia 1 [Espanhol] - AE ,[Einstein Floripa] - SimUFSC 2022.1 (AE - Espanhol) ,Raquel Freire de Jesus     ,brasilcursinhos_raquel.freire     ,           31 ,16                                                   ,      10 ,errado          ,                   97 ,"0,909095"         ,                 ,
SimUFSC 2022.1 - [Einstein Floripa] - Dia 1 [Espanhol] - AE ,[Einstein Floripa] - SimUFSC 2022.1 (AE - Espanhol) ,Raquel Freire de Jesus     ,brasilcursinhos_raquel.freire     ,           32 ,16                                                   ,      18 ,errado          ,                  102 ,"0,90909"          ,                 ,
SimUFSC 2022.1 - [Einstein Floripa] - Dia 1 [Espanhol] - AE ,[Einstein Floripa] - SimUFSC 2022.1 (AE - Espanhol) ,Raquel Freire de Jesus     ,brasilcursinhos_raquel.freire     ,           33 ,08                                                   ,      29 ,errado          ,                  387 ,1                  ,                 ,
SimUFSC 2022.1 - [Einstein Floripa] - Dia 1 [Espanhol] - AE ,[Einstein Floripa] - SimUFSC 2022.1 (AE - Espanhol) ,Raquel Freire de Jesus     ,brasilcursinhos_raquel.freire     ,           34 ,20                                                   ,      52 ,errado          ,                  205 ,1                  ,                 ,
SimUFSC 2022.1 - [Einstein Floripa] - Dia 1 [Espanhol] - AE ,[Einstein Floripa] - SimUFSC 2022.1 (AE - Espanhol) ,Raquel Freire de Jesus     ,brasilcursinhos_raquel.freire     ,           35 ,18                                                   ,      54 ,errado          ,                  279 ,1                  ,                 ,
SimUFSC 2022.1 - [Einstein Floripa] - Dia 1 [Espanhol] - AE ,[Einstein Floripa] - SimUFSC 2022.1 (AE - Espanhol) ,Raquel Freire de Jesus     ,brasilcursinhos_raquel.freire     ,           36 ,08                                                   ,      75 ,errado          ,                 5566 ,1                  ,                 ,
SimUFSC 2022.1 - [Einstein Floripa] - Dia 1 [Espanhol] - AE ,[Einstein Floripa] - SimUFSC 2022.1 (AE - Espanhol) ,Raquel Freire de Jesus     ,brasilcursinhos_raquel.freire     ,           37 ,06                                                   ,      35 ,errado          ,                  178 ,1                  ,                 ,
SimUFSC 2022.1 - [Einstein Floripa] - Dia 1 [Espanhol] - AE ,[Einstein Floripa] - SimUFSC 2022.1 (AE - Espanhol) ,Raquel Freire de Jesus     ,brasilcursinhos_raquel.freire     ,           38 ,32                                                   ,      36 ,errado          ,                  387 ,1                  ,                 ,
SimUFSC 2022.1 - [Einstein Floripa] - Dia 1 [Espanhol] - AE ,[Einstein Floripa] - SimUFSC 2022.1 (AE - Espanhol) ,Raquel Freire de Jesus     ,brasilcursinhos_raquel.freire     ,           39 ,32                                                   ,       8 ,errado          ,                 1213 ,1                  ,                 ,
SimUFSC 2022.1 - [Einstein Floripa] - Dia 1 [Espanhol] - AE ,[Einstein Floripa] - SimUFSC 2022.1 (AE - Espanhol) ,Raquel Freire de Jesus     ,brasilcursinhos_raquel.freire     ,           40 ,04                                                   ,      27 ,errado          ,                  325 ,1                  ,                 ,
SimUFSC 2022.1 - [Einstein Floripa] - Dia 1 [Espanhol] - AE ,[Einstein Floripa] - SimUFSC 2022.1 (AE - Espanhol) ,Raquel Freire de Jesus     ,brasilcursinhos_raquel.freire     ,           41 ,32                                                   ,      15 ,errado          ,                   43 ,1                  ,                 ,
SimUFSC 2022.1 - [Einstein Floripa] - Dia 1 [Espanhol] - AE ,[Einstein Floripa] - SimUFSC 2022.1 (AE - Espanhol) ,Raquel Freire de Jesus     ,brasilcursinhos_raquel.freire     ,           42 ,22                                                   ,      55 ,errado          ,                   56 ,1                  ,                 ,
