atividade_nome,turma,aluno_nome,aluno_login,num_exercicio,resp_aluno,gabarito,certo_ou_errado,tempo_no_exercicio(s),valor_do_exercicio,nota_professores,feedback_professores
SimUFSC 2022.1 - [Einstein Floripa] - Dia 1 [Espanhol],[Einstein Floripa] - SimUFSC 2022.1 - Espanhol,Ágata Cristina Cidade,brasilcursinhos_agata.cristina,1,02,50,errado,144,"0,769231",,
SimUFSC 2022.1 - [Einstein Floripa] - Dia 1 [Espanhol],[Einstein Floripa] - SimUFSC 2022.1 - Espanhol,Ágata Cristina Cidade,brasilcursinhos_agata.cristina,2,05,13,errado,294,"0,769231",,
SimUFSC 2022.1 - [Einstein Floripa] - Dia 1 [Espanhol],[Einstein Floripa] - SimUFSC 2022.1 - Espanhol,Ágata Cristina Cidade,brasilcursinhos_agata.cristina,3,08,12,errado,98,"0,769231",,
SimUFSC 2022.1 - [Einstein Floripa] - Dia 1 [Espanhol],[Einstein Floripa] - SimUFSC 2022.1 - Espanhol,Ágata Cristina Cidade,brasilcursinhos_agata.cristina,4,04,22,errado,578,"0,769231",,
SimUFSC 2022.1 - [Einstein Floripa] - Dia 1 [Espanhol],[Einstein Floripa] - SimUFSC 2022.1 - Espanhol,Ágata Cristina Cidade,brasilcursinhos_agata.cristina,5,01,17,errado,157,"0,769231",,
SimUFSC 2022.1 - [Einstein Floripa] - Dia 1 [Espanhol],[Einstein Floripa] - SimUFSC 2022.1 - Espanhol,Ágata Cristina Cidade,brasilcursinhos_agata.cristina,6,10,15,errado,129,"0,769231",,
SimUFSC 2022.1 - [Einstein Floripa] - Dia 1 [Espanhol],[Einstein Floripa] - SimUFSC 2022.1 - Espanhol,Ágata Cristina Cidade,brasilcursinhos_agata.cristina,7,16,22,errado,240,"0,769231",,
SimUFSC 2022.1 - [Einstein Floripa] - Dia 1 [Espanhol],[Einstein Floripa] - SimUFSC 2022.1 - Espanhol,Ágata Cristina Cidade,brasilcursinhos_agata.cristina,8,02,6,errado,45,"0,769232",,
SimUFSC 2022.1 - [Einstein Floripa] - Dia 1 [Espanhol],[Einstein Floripa] - SimUFSC 2022.1 - Espanhol,Ágata Cristina Cidade,brasilcursinhos_agata.cristina,9,04,5,errado,37,"0,769232",,
SimUFSC 2022.1 - [Einstein Floripa] - Dia 1 [Espanhol],[Einstein Floripa] - SimUFSC 2022.1 - Espanhol,Ágata Cristina Cidade,brasilcursinhos_agata.cristina,10,04,14,errado,66,"0,769232",,
SimUFSC 2022.1 - [Einstein Floripa] - Dia 1 [Espanhol],[Einstein Floripa] - SimUFSC 2022.1 - Espanhol,Ágata Cristina Cidade,brasilcursinhos_agata.cristina,11,03,7,errado,215,"0,769233",,
SimUFSC 2022.1 - [Einstein Floripa] - Dia 1 [Espanhol],[Einstein Floripa] - SimUFSC 2022.1 - Espanhol,Ágata Cristina Cidade,brasilcursinhos_agata.cristina,12,01,1,errado,113,"0,769235",,
SimUFSC 2022.1 - [Einstein Floripa] - Dia 1 [Espanhol],[Einstein Floripa] - SimUFSC 2022.1 - Espanhol,Ágata Cristina Cidade,brasilcursinhos_agata.cristina,13,04,12,errado,102,"0,76924",,
SimUFSC 2022.1 - [Einstein Floripa] - Dia 1 [Espanhol],[Einstein Floripa] - SimUFSC 2022.1 - Espanhol,Ágata Cristina Cidade,brasilcursinhos_agata.cristina,14,12,12,certo,432,"1,25",,
SimUFSC 2022.1 - [Einstein Floripa] - Dia 1 [Espanhol],[Einstein Floripa] - SimUFSC 2022.1 - Espanhol,Ágata Cristina Cidade,brasilcursinhos_agata.cristina,15,04,04,certo,39,"1,25",,
SimUFSC 2022.1 - [Einstein Floripa] - Dia 1 [Espanhol],[Einstein Floripa] - SimUFSC 2022.1 - Espanhol,Ágata Cristina Cidade,brasilcursinhos_agata.cristina,16,01,03,errado,79,"1,25",,
SimUFSC 2022.1 - [Einstein Floripa] - Dia 1 [Espanhol],[Einstein Floripa] - SimUFSC 2022.1 - Espanhol,Ágata Cristina Cidade,brasilcursinhos_agata.cristina,17,02,9,errado,345,"1,25",,
SimUFSC 2022.1 - [Einstein Floripa] - Dia 1 [Espanhol],[Einstein Floripa] - SimUFSC 2022.1 - Espanhol,Ágata Cristina Cidade,brasilcursinhos_agata.cristina,18,03,03,certo,192,"1,25",,
SimUFSC 2022.1 - [Einstein Floripa] - Dia 1 [Espanhol],[Einstein Floripa] - SimUFSC 2022.1 - Espanhol,Ágata Cristina Cidade,brasilcursinhos_agata.cristina,19,04,20,errado,87,"1,25",,
SimUFSC 2022.1 - [Einstein Floripa] - Dia 1 [Espanhol],[Einstein Floripa] - SimUFSC 2022.1 - Espanhol,Ágata Cristina Cidade,brasilcursinhos_agata.cristina,20,01,01,certo,87,"1,25",,
SimUFSC 2022.1 - [Einstein Floripa] - Dia 1 [Espanhol],[Einstein Floripa] - SimUFSC 2022.1 - Espanhol,Ágata Cristina Cidade,brasilcursinhos_agata.cristina,21,04,38,errado,69,"1,25",,
SimUFSC 2022.1 - [Einstein Floripa] - Dia 1 [Espanhol],[Einstein Floripa] - SimUFSC 2022.1 - Espanhol,Ágata Cristina Cidade,brasilcursinhos_agata.cristina,22,"<p><span style=""font-size: 12pt;"">OK</span></p>",,não corrigido,425,"0,909091",,
SimUFSC 2022.1 - [Einstein Floripa] - Dia 1 [Espanhol],[Einstein Floripa] - SimUFSC 2022.1 - Espanhol,Ágata Cristina Cidade,brasilcursinhos_agata.cristina,23,08,10,errado,1312,"0,909091",,
SimUFSC 2022.1 - [Einstein Floripa] - Dia 1 [Espanhol],[Einstein Floripa] - SimUFSC 2022.1 - Espanhol,Ágata Cristina Cidade,brasilcursinhos_agata.cristina,24,01,09,errado,822,"0,909091",,
SimUFSC 2022.1 - [Einstein Floripa] - Dia 1 [Espanhol],[Einstein Floripa] - SimUFSC 2022.1 - Espanhol,Ágata Cristina Cidade,brasilcursinhos_agata.cristina,25,01,22,errado,328,"0,909091",,
SimUFSC 2022.1 - [Einstein Floripa] - Dia 1 [Espanhol],[Einstein Floripa] - SimUFSC 2022.1 - Espanhol,Ágata Cristina Cidade,brasilcursinhos_agata.cristina,26,04,05,errado,564,"0,909091",,
SimUFSC 2022.1 - [Einstein Floripa] - Dia 1 [Espanhol],[Einstein Floripa] - SimUFSC 2022.1 - Espanhol,Ágata Cristina Cidade,brasilcursinhos_agata.cristina,27,,02,errado,95,"0,909092",,
SimUFSC 2022.1 - [Einstein Floripa] - Dia 1 [Espanhol],[Einstein Floripa] - SimUFSC 2022.1 - Espanhol,Ágata Cristina Cidade,brasilcursinhos_agata.cristina,28,06,06,certo,401,"0,909092",,
SimUFSC 2022.1 - [Einstein Floripa] - Dia 1 [Espanhol],[Einstein Floripa] - SimUFSC 2022.1 - Espanhol,Ágata Cristina Cidade,brasilcursinhos_agata.cristina,29,01,03,errado,328,"0,909092",,
SimUFSC 2022.1 - [Einstein Floripa] - Dia 1 [Espanhol],[Einstein Floripa] - SimUFSC 2022.1 - Espanhol,Ágata Cristina Cidade,brasilcursinhos_agata.cristina,30,02,11,errado,478,"0,909093",,
SimUFSC 2022.1 - [Einstein Floripa] - Dia 1 [Espanhol],[Einstein Floripa] - SimUFSC 2022.1 - Espanhol,Ágata Cristina Cidade,brasilcursinhos_agata.cristina,31,09,10,errado,3274,"0,909095",,
SimUFSC 2022.1 - [Einstein Floripa] - Dia 1 [Espanhol],[Einstein Floripa] - SimUFSC 2022.1 - Espanhol,Ágata Cristina Cidade,brasilcursinhos_agata.cristina,32,02,18,errado,291,"0,90909",,
SimUFSC 2022.1 - [Einstein Floripa] - Dia 1 [Espanhol],[Einstein Floripa] - SimUFSC 2022.1 - Espanhol,Ágata Cristina Cidade,brasilcursinhos_agata.cristina,33,08,29,errado,79,1,,
SimUFSC 2022.1 - [Einstein Floripa] - Dia 1 [Espanhol],[Einstein Floripa] - SimUFSC 2022.1 - Espanhol,Ágata Cristina Cidade,brasilcursinhos_agata.cristina,34,22,52,errado,88,1,,
SimUFSC 2022.1 - [Einstein Floripa] - Dia 1 [Espanhol],[Einstein Floripa] - SimUFSC 2022.1 - Espanhol,Ágata Cristina Cidade,brasilcursinhos_agata.cristina,35,02,54,errado,114,1,,
SimUFSC 2022.1 - [Einstein Floripa] - Dia 1 [Espanhol],[Einstein Floripa] - SimUFSC 2022.1 - Espanhol,Ágata Cristina Cidade,brasilcursinhos_agata.cristina,36,04,75,errado,166,1,,
SimUFSC 2022.1 - [Einstein Floripa] - Dia 1 [Espanhol],[Einstein Floripa] - SimUFSC 2022.1 - Espanhol,Ágata Cristina Cidade,brasilcursinhos_agata.cristina,37,02,35,errado,106,1,,
SimUFSC 2022.1 - [Einstein Floripa] - Dia 1 [Espanhol],[Einstein Floripa] - SimUFSC 2022.1 - Espanhol,Ágata Cristina Cidade,brasilcursinhos_agata.cristina,38,04,36,errado,92,1,,
SimUFSC 2022.1 - [Einstein Floripa] - Dia 1 [Espanhol],[Einstein Floripa] - SimUFSC 2022.1 - Espanhol,Ágata Cristina Cidade,brasilcursinhos_agata.cristina,39,08,8,errado,76,1,,
SimUFSC 2022.1 - [Einstein Floripa] - Dia 1 [Espanhol],[Einstein Floripa] - SimUFSC 2022.1 - Espanhol,Ágata Cristina Cidade,brasilcursinhos_agata.cristina,40,27,27,certo,516,1,,
SimUFSC 2022.1 - [Einstein Floripa] - Dia 1 [Espanhol],[Einstein Floripa] - SimUFSC 2022.1 - Espanhol,Ágata Cristina Cidade,brasilcursinhos_agata.cristina,41,03,15,errado,132,1,,
SimUFSC 2022.1 - [Einstein Floripa] - Dia 1 [Espanhol],[Einstein Floripa] - SimUFSC 2022.1 - Espanhol,Ágata Cristina Cidade,brasilcursinhos_agata.cristina,42,18,55,errado,114,1,,
SimUFSC 2022.1 - [Einstein Floripa] - Dia 1 [Espanhol],[Einstein Floripa] - SimUFSC 2022.1 - Espanhol,Ana Luíza dos Santos Silva,brasilcursinhos_ana.luiza.s,1,6,50,errado,135,"0,769231",,
SimUFSC 2022.1 - [Einstein Floripa] - Dia 1 [Espanhol],[Einstein Floripa] - SimUFSC 2022.1 - Espanhol,Ana Luíza dos Santos Silva,brasilcursinhos_ana.luiza.s,2,12,13,errado,163,"0,769231",,
SimUFSC 2022.1 - [Einstein Floripa] - Dia 1 [Espanhol],[Einstein Floripa] - SimUFSC 2022.1 - Espanhol,Ana Luíza dos Santos Silva,brasilcursinhos_ana.luiza.s,3,28,12,errado,111,"0,769231",,
SimUFSC 2022.1 - [Einstein Floripa] - Dia 1 [Espanhol],[Einstein Floripa] - SimUFSC 2022.1 - Espanhol,Ana Luíza dos Santos Silva,brasilcursinhos_ana.luiza.s,4,1,22,errado,184,"0,769231",,
SimUFSC 2022.1 - [Einstein Floripa] - Dia 1 [Espanhol],[Einstein Floripa] - SimUFSC 2022.1 - Espanhol,Ana Luíza dos Santos Silva,brasilcursinhos_ana.luiza.s,5,49,17,errado,94,"0,769231",,
SimUFSC 2022.1 - [Einstein Floripa] - Dia 1 [Espanhol],[Einstein Floripa] - SimUFSC 2022.1 - Espanhol,Ana Luíza dos Santos Silva,brasilcursinhos_ana.luiza.s,6,11,15,errado,74,"0,769231",,
SimUFSC 2022.1 - [Einstein Floripa] - Dia 1 [Espanhol],[Einstein Floripa] - SimUFSC 2022.1 - Espanhol,Ana Luíza dos Santos Silva,brasilcursinhos_ana.luiza.s,7,8,22,errado,322,"0,769231",,
SimUFSC 2022.1 - [Einstein Floripa] - Dia 1 [Espanhol],[Einstein Floripa] - SimUFSC 2022.1 - Espanhol,Ana Luíza dos Santos Silva,brasilcursinhos_ana.luiza.s,8,20,6,errado,65,"0,769232",,
SimUFSC 2022.1 - [Einstein Floripa] - Dia 1 [Espanhol],[Einstein Floripa] - SimUFSC 2022.1 - Espanhol,Ana Luíza dos Santos Silva,brasilcursinhos_ana.luiza.s,9,1,5,errado,28,"0,769232",,
SimUFSC 2022.1 - [Einstein Floripa] - Dia 1 [Espanhol],[Einstein Floripa] - SimUFSC 2022.1 - Espanhol,Ana Luíza dos Santos Silva,brasilcursinhos_ana.luiza.s,10,13,14,errado,193,"0,769232",,
SimUFSC 2022.1 - [Einstein Floripa] - Dia 1 [Espanhol],[Einstein Floripa] - SimUFSC 2022.1 - Espanhol,Ana Luíza dos Santos Silva,brasilcursinhos_ana.luiza.s,11,12,7,errado,108,"0,769233",,
SimUFSC 2022.1 - [Einstein Floripa] - Dia 1 [Espanhol],[Einstein Floripa] - SimUFSC 2022.1 - Espanhol,Ana Luíza dos Santos Silva,brasilcursinhos_ana.luiza.s,12,11,1,errado,117,"0,769235",,
SimUFSC 2022.1 - [Einstein Floripa] - Dia 1 [Espanhol],[Einstein Floripa] - SimUFSC 2022.1 - Espanhol,Ana Luíza dos Santos Silva,brasilcursinhos_ana.luiza.s,13,12,12,certo,42,"0,76924",,
SimUFSC 2022.1 - [Einstein Floripa] - Dia 1 [Espanhol],[Einstein Floripa] - SimUFSC 2022.1 - Espanhol,Ana Luíza dos Santos Silva,brasilcursinhos_ana.luiza.s,14,18,12,errado,93,"1,25",,
SimUFSC 2022.1 - [Einstein Floripa] - Dia 1 [Espanhol],[Einstein Floripa] - SimUFSC 2022.1 - Espanhol,Ana Luíza dos Santos Silva,brasilcursinhos_ana.luiza.s,15,8,04,errado,55,"1,25",,
SimUFSC 2022.1 - [Einstein Floripa] - Dia 1 [Espanhol],[Einstein Floripa] - SimUFSC 2022.1 - Espanhol,Ana Luíza dos Santos Silva,brasilcursinhos_ana.luiza.s,16,13,03,errado,52,"1,25",,
SimUFSC 2022.1 - [Einstein Floripa] - Dia 1 [Espanhol],[Einstein Floripa] - SimUFSC 2022.1 - Espanhol,Ana Luíza dos Santos Silva,brasilcursinhos_ana.luiza.s,17,4,9,errado,72,"1,25",,
SimUFSC 2022.1 - [Einstein Floripa] - Dia 1 [Espanhol],[Einstein Floripa] - SimUFSC 2022.1 - Espanhol,Ana Luíza dos Santos Silva,brasilcursinhos_ana.luiza.s,18,1,03,errado,33,"1,25",,
SimUFSC 2022.1 - [Einstein Floripa] - Dia 1 [Espanhol],[Einstein Floripa] - SimUFSC 2022.1 - Espanhol,Ana Luíza dos Santos Silva,brasilcursinhos_ana.luiza.s,19,16,20,errado,31,"1,25",,
SimUFSC 2022.1 - [Einstein Floripa] - Dia 1 [Espanhol],[Einstein Floripa] - SimUFSC 2022.1 - Espanhol,Ana Luíza dos Santos Silva,brasilcursinhos_ana.luiza.s,20,17,01,errado,71,"1,25",,
SimUFSC 2022.1 - [Einstein Floripa] - Dia 1 [Espanhol],[Einstein Floripa] - SimUFSC 2022.1 - Espanhol,Ana Luíza dos Santos Silva,brasilcursinhos_ana.luiza.s,21,8,38,errado,37,"1,25",,
SimUFSC 2022.1 - [Einstein Floripa] - Dia 1 [Espanhol],[Einstein Floripa] - SimUFSC 2022.1 - Espanhol,Ana Luíza dos Santos Silva,brasilcursinhos_ana.luiza.s,22,"<p><span style=""font-size: 12pt;"">ok</span></p>",,não corrigido,22,"0,909091",,
SimUFSC 2022.1 - [Einstein Floripa] - Dia 1 [Espanhol],[Einstein Floripa] - SimUFSC 2022.1 - Espanhol,Ana Luíza dos Santos Silva,brasilcursinhos_ana.luiza.s,23,4,10,errado,112,"0,909091",,
SimUFSC 2022.1 - [Einstein Floripa] - Dia 1 [Espanhol],[Einstein Floripa] - SimUFSC 2022.1 - Espanhol,Ana Luíza dos Santos Silva,brasilcursinhos_ana.luiza.s,24,2,09,errado,281,"0,909091",,
SimUFSC 2022.1 - [Einstein Floripa] - Dia 1 [Espanhol],[Einstein Floripa] - SimUFSC 2022.1 - Espanhol,Ana Luíza dos Santos Silva,brasilcursinhos_ana.luiza.s,25,24,22,errado,70,"0,909091",,
SimUFSC 2022.1 - [Einstein Floripa] - Dia 1 [Espanhol],[Einstein Floripa] - SimUFSC 2022.1 - Espanhol,Ana Luíza dos Santos Silva,brasilcursinhos_ana.luiza.s,26,9,05,errado,110,"0,909091",,
SimUFSC 2022.1 - [Einstein Floripa] - Dia 1 [Espanhol],[Einstein Floripa] - SimUFSC 2022.1 - Espanhol,Ana Luíza dos Santos Silva,brasilcursinhos_ana.luiza.s,27,=2x+k-1,02,errado,559,"0,909092",,
SimUFSC 2022.1 - [Einstein Floripa] - Dia 1 [Espanhol],[Einstein Floripa] - SimUFSC 2022.1 - Espanhol,Ana Luíza dos Santos Silva,brasilcursinhos_ana.luiza.s,28,8,06,errado,294,"0,909092",,
SimUFSC 2022.1 - [Einstein Floripa] - Dia 1 [Espanhol],[Einstein Floripa] - SimUFSC 2022.1 - Espanhol,Ana Luíza dos Santos Silva,brasilcursinhos_ana.luiza.s,29,04,03,errado,91,"0,909092",,
SimUFSC 2022.1 - [Einstein Floripa] - Dia 1 [Espanhol],[Einstein Floripa] - SimUFSC 2022.1 - Espanhol,Ana Luíza dos Santos Silva,brasilcursinhos_ana.luiza.s,30,6,11,errado,68,"0,909093",,
SimUFSC 2022.1 - [Einstein Floripa] - Dia 1 [Espanhol],[Einstein Floripa] - SimUFSC 2022.1 - Espanhol,Ana Luíza dos Santos Silva,brasilcursinhos_ana.luiza.s,31,16,10,errado,24,"0,909095",,
SimUFSC 2022.1 - [Einstein Floripa] - Dia 1 [Espanhol],[Einstein Floripa] - SimUFSC 2022.1 - Espanhol,Ana Luíza dos Santos Silva,brasilcursinhos_ana.luiza.s,32,10,18,errado,85,"0,90909",,
SimUFSC 2022.1 - [Einstein Floripa] - Dia 1 [Espanhol],[Einstein Floripa] - SimUFSC 2022.1 - Espanhol,Ana Luíza dos Santos Silva,brasilcursinhos_ana.luiza.s,33,04,29,errado,186,1,,
SimUFSC 2022.1 - [Einstein Floripa] - Dia 1 [Espanhol],[Einstein Floripa] - SimUFSC 2022.1 - Espanhol,Ana Luíza dos Santos Silva,brasilcursinhos_ana.luiza.s,34,48,52,errado,3373,1,,
SimUFSC 2022.1 - [Einstein Floripa] - Dia 1 [Espanhol],[Einstein Floripa] - SimUFSC 2022.1 - Espanhol,Ana Luíza dos Santos Silva,brasilcursinhos_ana.luiza.s,35,32,54,errado,392,1,,
SimUFSC 2022.1 - [Einstein Floripa] - Dia 1 [Espanhol],[Einstein Floripa] - SimUFSC 2022.1 - Espanhol,Ana Luíza dos Santos Silva,brasilcursinhos_ana.luiza.s,36,08,75,errado,96,1,,
SimUFSC 2022.1 - [Einstein Floripa] - Dia 1 [Espanhol],[Einstein Floripa] - SimUFSC 2022.1 - Espanhol,Ana Luíza dos Santos Silva,brasilcursinhos_ana.luiza.s,37,9,35,errado,50,1,,
SimUFSC 2022.1 - [Einstein Floripa] - Dia 1 [Espanhol],[Einstein Floripa] - SimUFSC 2022.1 - Espanhol,Ana Luíza dos Santos Silva,brasilcursinhos_ana.luiza.s,38,5,36,errado,68,1,,
SimUFSC 2022.1 - [Einstein Floripa] - Dia 1 [Espanhol],[Einstein Floripa] - SimUFSC 2022.1 - Espanhol,Ana Luíza dos Santos Silva,brasilcursinhos_ana.luiza.s,39,8,8,certo,55,1,,
SimUFSC 2022.1 - [Einstein Floripa] - Dia 1 [Espanhol],[Einstein Floripa] - SimUFSC 2022.1 - Espanhol,Ana Luíza dos Santos Silva,brasilcursinhos_ana.luiza.s,40,2,27,errado,79,1,,
SimUFSC 2022.1 - [Einstein Floripa] - Dia 1 [Espanhol],[Einstein Floripa] - SimUFSC 2022.1 - Espanhol,Ana Luíza dos Santos Silva,brasilcursinhos_ana.luiza.s,41,51,15,errado,98,1,,
SimUFSC 2022.1 - [Einstein Floripa] - Dia 1 [Espanhol],[Einstein Floripa] - SimUFSC 2022.1 - Espanhol,Ana Luíza dos Santos Silva,brasilcursinhos_ana.luiza.s,42,22,55,errado,145,1,,
SimUFSC 2022.1 - [Einstein Floripa] - Dia 1 [Espanhol],[Einstein Floripa] - SimUFSC 2022.1 - Espanhol,Beatriz de Sousa Maximiano,brasilcursinhos_beatriz.sousa,1,18,50,errado,201,"0,769231",,
SimUFSC 2022.1 - [Einstein Floripa] - Dia 1 [Espanhol],[Einstein Floripa] - SimUFSC 2022.1 - Espanhol,Beatriz de Sousa Maximiano,brasilcursinhos_beatriz.sousa,2,09,13,errado,325,"0,769231",,
SimUFSC 2022.1 - [Einstein Floripa] - Dia 1 [Espanhol],[Einstein Floripa] - SimUFSC 2022.1 - Espanhol,Beatriz de Sousa Maximiano,brasilcursinhos_beatriz.sousa,3,13,12,errado,99,"0,769231",,
SimUFSC 2022.1 - [Einstein Floripa] - Dia 1 [Espanhol],[Einstein Floripa] - SimUFSC 2022.1 - Espanhol,Beatriz de Sousa Maximiano,brasilcursinhos_beatriz.sousa,4,20,22,errado,223,"0,769231",,
SimUFSC 2022.1 - [Einstein Floripa] - Dia 1 [Espanhol],[Einstein Floripa] - SimUFSC 2022.1 - Espanhol,Beatriz de Sousa Maximiano,brasilcursinhos_beatriz.sousa,5,38,17,errado,127,"0,769231",,
SimUFSC 2022.1 - [Einstein Floripa] - Dia 1 [Espanhol],[Einstein Floripa] - SimUFSC 2022.1 - Espanhol,Beatriz de Sousa Maximiano,brasilcursinhos_beatriz.sousa,6,10,15,errado,109,"0,769231",,
SimUFSC 2022.1 - [Einstein Floripa] - Dia 1 [Espanhol],[Einstein Floripa] - SimUFSC 2022.1 - Espanhol,Beatriz de Sousa Maximiano,brasilcursinhos_beatriz.sousa,7,04,22,errado,401,"0,769231",,
SimUFSC 2022.1 - [Einstein Floripa] - Dia 1 [Espanhol],[Einstein Floripa] - SimUFSC 2022.1 - Espanhol,Beatriz de Sousa Maximiano,brasilcursinhos_beatriz.sousa,8,27,6,errado,166,"0,769232",,
SimUFSC 2022.1 - [Einstein Floripa] - Dia 1 [Espanhol],[Einstein Floripa] - SimUFSC 2022.1 - Espanhol,Beatriz de Sousa Maximiano,brasilcursinhos_beatriz.sousa,9,05,5,errado,72,"0,769232",,
SimUFSC 2022.1 - [Einstein Floripa] - Dia 1 [Espanhol],[Einstein Floripa] - SimUFSC 2022.1 - Espanhol,Beatriz de Sousa Maximiano,brasilcursinhos_beatriz.sousa,10,09,14,errado,252,"0,769232",,
SimUFSC 2022.1 - [Einstein Floripa] - Dia 1 [Espanhol],[Einstein Floripa] - SimUFSC 2022.1 - Espanhol,Beatriz de Sousa Maximiano,brasilcursinhos_beatriz.sousa,11,01,7,errado,148,"0,769233",,
SimUFSC 2022.1 - [Einstein Floripa] - Dia 1 [Espanhol],[Einstein Floripa] - SimUFSC 2022.1 - Espanhol,Beatriz de Sousa Maximiano,brasilcursinhos_beatriz.sousa,12,03,1,errado,108,"0,769235",,
SimUFSC 2022.1 - [Einstein Floripa] - Dia 1 [Espanhol],[Einstein Floripa] - SimUFSC 2022.1 - Espanhol,Beatriz de Sousa Maximiano,brasilcursinhos_beatriz.sousa,13,04,12,errado,130,"0,76924",,
SimUFSC 2022.1 - [Einstein Floripa] - Dia 1 [Espanhol],[Einstein Floripa] - SimUFSC 2022.1 - Espanhol,Beatriz de Sousa Maximiano,brasilcursinhos_beatriz.sousa,14,12,12,certo,730,"1,25",,
SimUFSC 2022.1 - [Einstein Floripa] - Dia 1 [Espanhol],[Einstein Floripa] - SimUFSC 2022.1 - Espanhol,Beatriz de Sousa Maximiano,brasilcursinhos_beatriz.sousa,15,16,04,errado,86,"1,25",,
SimUFSC 2022.1 - [Einstein Floripa] - Dia 1 [Espanhol],[Einstein Floripa] - SimUFSC 2022.1 - Espanhol,Beatriz de Sousa Maximiano,brasilcursinhos_beatriz.sousa,16,01,03,errado,116,"1,25",,
SimUFSC 2022.1 - [Einstein Floripa] - Dia 1 [Espanhol],[Einstein Floripa] - SimUFSC 2022.1 - Espanhol,Beatriz de Sousa Maximiano,brasilcursinhos_beatriz.sousa,17,03,9,errado,162,"1,25",,
SimUFSC 2022.1 - [Einstein Floripa] - Dia 1 [Espanhol],[Einstein Floripa] - SimUFSC 2022.1 - Espanhol,Beatriz de Sousa Maximiano,brasilcursinhos_beatriz.sousa,18,07,03,errado,236,"1,25",,
SimUFSC 2022.1 - [Einstein Floripa] - Dia 1 [Espanhol],[Einstein Floripa] - SimUFSC 2022.1 - Espanhol,Beatriz de Sousa Maximiano,brasilcursinhos_beatriz.sousa,19,01,20,errado,145,"1,25",,
SimUFSC 2022.1 - [Einstein Floripa] - Dia 1 [Espanhol],[Einstein Floripa] - SimUFSC 2022.1 - Espanhol,Beatriz de Sousa Maximiano,brasilcursinhos_beatriz.sousa,20,05,01,errado,428,"1,25",,
SimUFSC 2022.1 - [Einstein Floripa] - Dia 1 [Espanhol],[Einstein Floripa] - SimUFSC 2022.1 - Espanhol,Beatriz de Sousa Maximiano,brasilcursinhos_beatriz.sousa,21,11,38,errado,212,"1,25",,
SimUFSC 2022.1 - [Einstein Floripa] - Dia 1 [Espanhol],[Einstein Floripa] - SimUFSC 2022.1 - Espanhol,Beatriz de Sousa Maximiano,brasilcursinhos_beatriz.sousa,22,"<p><span style=""font-size: 12pt;"">ok</span></p>",,não corrigido,145,"0,909091",,
SimUFSC 2022.1 - [Einstein Floripa] - Dia 1 [Espanhol],[Einstein Floripa] - SimUFSC 2022.1 - Espanhol,Beatriz de Sousa Maximiano,brasilcursinhos_beatriz.sousa,23,02,10,errado,111,"0,909091",,
SimUFSC 2022.1 - [Einstein Floripa] - Dia 1 [Espanhol],[Einstein Floripa] - SimUFSC 2022.1 - Espanhol,Beatriz de Sousa Maximiano,brasilcursinhos_beatriz.sousa,24,08,09,errado,62,"0,909091",,
SimUFSC 2022.1 - [Einstein Floripa] - Dia 1 [Espanhol],[Einstein Floripa] - SimUFSC 2022.1 - Espanhol,Beatriz de Sousa Maximiano,brasilcursinhos_beatriz.sousa,25,16,22,errado,106,"0,909091",,
SimUFSC 2022.1 - [Einstein Floripa] - Dia 1 [Espanhol],[Einstein Floripa] - SimUFSC 2022.1 - Espanhol,Beatriz de Sousa Maximiano,brasilcursinhos_beatriz.sousa,26,01,05,errado,104,"0,909091",,
SimUFSC 2022.1 - [Einstein Floripa] - Dia 1 [Espanhol],[Einstein Floripa] - SimUFSC 2022.1 - Espanhol,Beatriz de Sousa Maximiano,brasilcursinhos_beatriz.sousa,27,0,02,errado,69,"0,909092",,
SimUFSC 2022.1 - [Einstein Floripa] - Dia 1 [Espanhol],[Einstein Floripa] - SimUFSC 2022.1 - Espanhol,Beatriz de Sousa Maximiano,brasilcursinhos_beatriz.sousa,28,04,06,errado,51,"0,909092",,
SimUFSC 2022.1 - [Einstein Floripa] - Dia 1 [Espanhol],[Einstein Floripa] - SimUFSC 2022.1 - Espanhol,Beatriz de Sousa Maximiano,brasilcursinhos_beatriz.sousa,29,02,03,errado,79,"0,909092",,
SimUFSC 2022.1 - [Einstein Floripa] - Dia 1 [Espanhol],[Einstein Floripa] - SimUFSC 2022.1 - Espanhol,Beatriz de Sousa Maximiano,brasilcursinhos_beatriz.sousa,30,02,11,errado,47,"0,909093",,
SimUFSC 2022.1 - [Einstein Floripa] - Dia 1 [Espanhol],[Einstein Floripa] - SimUFSC 2022.1 - Espanhol,Beatriz de Sousa Maximiano,brasilcursinhos_beatriz.sousa,31,04,10,errado,66,"0,909095",,
SimUFSC 2022.1 - [Einstein Floripa] - Dia 1 [Espanhol],[Einstein Floripa] - SimUFSC 2022.1 - Espanhol,Beatriz de Sousa Maximiano,brasilcursinhos_beatriz.sousa,32,05,18,errado,99,"0,90909",,
SimUFSC 2022.1 - [Einstein Floripa] - Dia 1 [Espanhol],[Einstein Floripa] - SimUFSC 2022.1 - Espanhol,Beatriz de Sousa Maximiano,brasilcursinhos_beatriz.sousa,33,03,29,errado,128,1,,
SimUFSC 2022.1 - [Einstein Floripa] - Dia 1 [Espanhol],[Einstein Floripa] - SimUFSC 2022.1 - Espanhol,Beatriz de Sousa Maximiano,brasilcursinhos_beatriz.sousa,34,09,52,errado,125,1,,
SimUFSC 2022.1 - [Einstein Floripa] - Dia 1 [Espanhol],[Einstein Floripa] - SimUFSC 2022.1 - Espanhol,Beatriz de Sousa Maximiano,brasilcursinhos_beatriz.sousa,35,18,54,errado,242,1,,
SimUFSC 2022.1 - [Einstein Floripa] - Dia 1 [Espanhol],[Einstein Floripa] - SimUFSC 2022.1 - Espanhol,Beatriz de Sousa Maximiano,brasilcursinhos_beatriz.sousa,36,32,75,errado,121,1,,
SimUFSC 2022.1 - [Einstein Floripa] - Dia 1 [Espanhol],[Einstein Floripa] - SimUFSC 2022.1 - Espanhol,Beatriz de Sousa Maximiano,brasilcursinhos_beatriz.sousa,37,18,35,errado,92,1,,
SimUFSC 2022.1 - [Einstein Floripa] - Dia 1 [Espanhol],[Einstein Floripa] - SimUFSC 2022.1 - Espanhol,Beatriz de Sousa Maximiano,brasilcursinhos_beatriz.sousa,38,01,36,errado,96,1,,
SimUFSC 2022.1 - [Einstein Floripa] - Dia 1 [Espanhol],[Einstein Floripa] - SimUFSC 2022.1 - Espanhol,Beatriz de Sousa Maximiano,brasilcursinhos_beatriz.sousa,39,08,8,errado,115,1,,
SimUFSC 2022.1 - [Einstein Floripa] - Dia 1 [Espanhol],[Einstein Floripa] - SimUFSC 2022.1 - Espanhol,Beatriz de Sousa Maximiano,brasilcursinhos_beatriz.sousa,40,05,27,errado,220,1,,
SimUFSC 2022.1 - [Einstein Floripa] - Dia 1 [Espanhol],[Einstein Floripa] - SimUFSC 2022.1 - Espanhol,Beatriz de Sousa Maximiano,brasilcursinhos_beatriz.sousa,41,34,15,errado,362,1,,
SimUFSC 2022.1 - [Einstein Floripa] - Dia 1 [Espanhol],[Einstein Floripa] - SimUFSC 2022.1 - Espanhol,Beatriz de Sousa Maximiano,brasilcursinhos_beatriz.sousa,42,18,55,errado,52,1,,
SimUFSC 2022.1 - [Einstein Floripa] - Dia 1 [Espanhol],[Einstein Floripa] - SimUFSC 2022.1 - Espanhol,Caroliny Alves Leal,brasilcursinhos_caroliny.alves,1,34,50,errado,405,"0,769231",,
SimUFSC 2022.1 - [Einstein Floripa] - Dia 1 [Espanhol],[Einstein Floripa] - SimUFSC 2022.1 - Espanhol,Caroliny Alves Leal,brasilcursinhos_caroliny.alves,2,16,13,errado,434,"0,769231",,
SimUFSC 2022.1 - [Einstein Floripa] - Dia 1 [Espanhol],[Einstein Floripa] - SimUFSC 2022.1 - Espanhol,Caroliny Alves Leal,brasilcursinhos_caroliny.alves,3,21,12,errado,124,"0,769231",,
SimUFSC 2022.1 - [Einstein Floripa] - Dia 1 [Espanhol],[Einstein Floripa] - SimUFSC 2022.1 - Espanhol,Caroliny Alves Leal,brasilcursinhos_caroliny.alves,4,23,22,errado,592,"0,769231",,
SimUFSC 2022.1 - [Einstein Floripa] - Dia 1 [Espanhol],[Einstein Floripa] - SimUFSC 2022.1 - Espanhol,Caroliny Alves Leal,brasilcursinhos_caroliny.alves,5,16,17,errado,421,"0,769231",,
SimUFSC 2022.1 - [Einstein Floripa] - Dia 1 [Espanhol],[Einstein Floripa] - SimUFSC 2022.1 - Espanhol,Caroliny Alves Leal,brasilcursinhos_caroliny.alves,6,03,15,errado,376,"0,769231",,
SimUFSC 2022.1 - [Einstein Floripa] - Dia 1 [Espanhol],[Einstein Floripa] - SimUFSC 2022.1 - Espanhol,Caroliny Alves Leal,brasilcursinhos_caroliny.alves,7,10,22,errado,512,"0,769231",,
SimUFSC 2022.1 - [Einstein Floripa] - Dia 1 [Espanhol],[Einstein Floripa] - SimUFSC 2022.1 - Espanhol,Caroliny Alves Leal,brasilcursinhos_caroliny.alves,8,23,6,errado,124,"0,769232",,
SimUFSC 2022.1 - [Einstein Floripa] - Dia 1 [Espanhol],[Einstein Floripa] - SimUFSC 2022.1 - Espanhol,Caroliny Alves Leal,brasilcursinhos_caroliny.alves,9,04,5,errado,136,"0,769232",,
SimUFSC 2022.1 - [Einstein Floripa] - Dia 1 [Espanhol],[Einstein Floripa] - SimUFSC 2022.1 - Espanhol,Caroliny Alves Leal,brasilcursinhos_caroliny.alves,10,04,14,errado,156,"0,769232",,
SimUFSC 2022.1 - [Einstein Floripa] - Dia 1 [Espanhol],[Einstein Floripa] - SimUFSC 2022.1 - Espanhol,Caroliny Alves Leal,brasilcursinhos_caroliny.alves,11,01,7,errado,158,"0,769233",,
SimUFSC 2022.1 - [Einstein Floripa] - Dia 1 [Espanhol],[Einstein Floripa] - SimUFSC 2022.1 - Espanhol,Caroliny Alves Leal,brasilcursinhos_caroliny.alves,12,04,1,errado,225,"0,769235",,
SimUFSC 2022.1 - [Einstein Floripa] - Dia 1 [Espanhol],[Einstein Floripa] - SimUFSC 2022.1 - Espanhol,Caroliny Alves Leal,brasilcursinhos_caroliny.alves,13,36,12,errado,163,"0,76924",,
SimUFSC 2022.1 - [Einstein Floripa] - Dia 1 [Espanhol],[Einstein Floripa] - SimUFSC 2022.1 - Espanhol,Caroliny Alves Leal,brasilcursinhos_caroliny.alves,14,12,12,certo,709,"1,25",,
SimUFSC 2022.1 - [Einstein Floripa] - Dia 1 [Espanhol],[Einstein Floripa] - SimUFSC 2022.1 - Espanhol,Caroliny Alves Leal,brasilcursinhos_caroliny.alves,15,16,04,errado,173,"1,25",,
SimUFSC 2022.1 - [Einstein Floripa] - Dia 1 [Espanhol],[Einstein Floripa] - SimUFSC 2022.1 - Espanhol,Caroliny Alves Leal,brasilcursinhos_caroliny.alves,16,09,03,errado,144,"1,25",,
SimUFSC 2022.1 - [Einstein Floripa] - Dia 1 [Espanhol],[Einstein Floripa] - SimUFSC 2022.1 - Espanhol,Caroliny Alves Leal,brasilcursinhos_caroliny.alves,17,11,9,errado,213,"1,25",,
SimUFSC 2022.1 - [Einstein Floripa] - Dia 1 [Espanhol],[Einstein Floripa] - SimUFSC 2022.1 - Espanhol,Caroliny Alves Leal,brasilcursinhos_caroliny.alves,18,13,03,errado,241,"1,25",,
SimUFSC 2022.1 - [Einstein Floripa] - Dia 1 [Espanhol],[Einstein Floripa] - SimUFSC 2022.1 - Espanhol,Caroliny Alves Leal,brasilcursinhos_caroliny.alves,19,04,20,errado,190,"1,25",,
SimUFSC 2022.1 - [Einstein Floripa] - Dia 1 [Espanhol],[Einstein Floripa] - SimUFSC 2022.1 - Espanhol,Caroliny Alves Leal,brasilcursinhos_caroliny.alves,20,05,01,errado,111,"1,25",,
SimUFSC 2022.1 - [Einstein Floripa] - Dia 1 [Espanhol],[Einstein Floripa] - SimUFSC 2022.1 - Espanhol,Caroliny Alves Leal,brasilcursinhos_caroliny.alves,21,39,38,errado,92,"1,25",,
SimUFSC 2022.1 - [Einstein Floripa] - Dia 1 [Espanhol],[Einstein Floripa] - SimUFSC 2022.1 - Espanhol,Caroliny Alves Leal,brasilcursinhos_caroliny.alves,22,"<p><span style=""font-size: 12pt;"">ok</span></p>",,não corrigido,20,"0,909091",,
SimUFSC 2022.1 - [Einstein Floripa] - Dia 1 [Espanhol],[Einstein Floripa] - SimUFSC 2022.1 - Espanhol,Caroliny Alves Leal,brasilcursinhos_caroliny.alves,23,17,10,errado,649,"0,909091",,
SimUFSC 2022.1 - [Einstein Floripa] - Dia 1 [Espanhol],[Einstein Floripa] - SimUFSC 2022.1 - Espanhol,Caroliny Alves Leal,brasilcursinhos_caroliny.alves,24,10,09,errado,1048,"0,909091",,
SimUFSC 2022.1 - [Einstein Floripa] - Dia 1 [Espanhol],[Einstein Floripa] - SimUFSC 2022.1 - Espanhol,Caroliny Alves Leal,brasilcursinhos_caroliny.alves,25,36,22,errado,110,"0,909091",,
SimUFSC 2022.1 - [Einstein Floripa] - Dia 1 [Espanhol],[Einstein Floripa] - SimUFSC 2022.1 - Espanhol,Caroliny Alves Leal,brasilcursinhos_caroliny.alves,26,04,05,errado,243,"0,909091",,
SimUFSC 2022.1 - [Einstein Floripa] - Dia 1 [Espanhol],[Einstein Floripa] - SimUFSC 2022.1 - Espanhol,Caroliny Alves Leal,brasilcursinhos_caroliny.alves,27,0,02,errado,27,"0,909092",,
SimUFSC 2022.1 - [Einstein Floripa] - Dia 1 [Espanhol],[Einstein Floripa] - SimUFSC 2022.1 - Espanhol,Caroliny Alves Leal,brasilcursinhos_caroliny.alves,28,01,06,errado,215,"0,909092",,
SimUFSC 2022.1 - [Einstein Floripa] - Dia 1 [Espanhol],[Einstein Floripa] - SimUFSC 2022.1 - Espanhol,Caroliny Alves Leal,brasilcursinhos_caroliny.alves,29,08,03,errado,25,"0,909092",,
SimUFSC 2022.1 - [Einstein Floripa] - Dia 1 [Espanhol],[Einstein Floripa] - SimUFSC 2022.1 - Espanhol,Caroliny Alves Leal,brasilcursinhos_caroliny.alves,30,04,11,errado,17,"0,909093",,
SimUFSC 2022.1 - [Einstein Floripa] - Dia 1 [Espanhol],[Einstein Floripa] - SimUFSC 2022.1 - Espanhol,Caroliny Alves Leal,brasilcursinhos_caroliny.alves,31,16,10,errado,37,"0,909095",,
SimUFSC 2022.1 - [Einstein Floripa] - Dia 1 [Espanhol],[Einstein Floripa] - SimUFSC 2022.1 - Espanhol,Caroliny Alves Leal,brasilcursinhos_caroliny.alves,32,08,18,errado,21,"0,90909",,
SimUFSC 2022.1 - [Einstein Floripa] - Dia 1 [Espanhol],[Einstein Floripa] - SimUFSC 2022.1 - Espanhol,Caroliny Alves Leal,brasilcursinhos_caroliny.alves,33,32,29,errado,2660,1,,
SimUFSC 2022.1 - [Einstein Floripa] - Dia 1 [Espanhol],[Einstein Floripa] - SimUFSC 2022.1 - Espanhol,Caroliny Alves Leal,brasilcursinhos_caroliny.alves,34,50,52,errado,125,1,,
SimUFSC 2022.1 - [Einstein Floripa] - Dia 1 [Espanhol],[Einstein Floripa] - SimUFSC 2022.1 - Espanhol,Caroliny Alves Leal,brasilcursinhos_caroliny.alves,35,16,54,errado,60,1,,
SimUFSC 2022.1 - [Einstein Floripa] - Dia 1 [Espanhol],[Einstein Floripa] - SimUFSC 2022.1 - Espanhol,Caroliny Alves Leal,brasilcursinhos_caroliny.alves,36,04,75,errado,78,1,,
SimUFSC 2022.1 - [Einstein Floripa] - Dia 1 [Espanhol],[Einstein Floripa] - SimUFSC 2022.1 - Espanhol,Caroliny Alves Leal,brasilcursinhos_caroliny.alves,37,16,35,errado,50,1,,
SimUFSC 2022.1 - [Einstein Floripa] - Dia 1 [Espanhol],[Einstein Floripa] - SimUFSC 2022.1 - Espanhol,Caroliny Alves Leal,brasilcursinhos_caroliny.alves,38,05,36,errado,50,1,,
SimUFSC 2022.1 - [Einstein Floripa] - Dia 1 [Espanhol],[Einstein Floripa] - SimUFSC 2022.1 - Espanhol,Caroliny Alves Leal,brasilcursinhos_caroliny.alves,39,08,8,errado,162,1,,
SimUFSC 2022.1 - [Einstein Floripa] - Dia 1 [Espanhol],[Einstein Floripa] - SimUFSC 2022.1 - Espanhol,Caroliny Alves Leal,brasilcursinhos_caroliny.alves,40,24,27,errado,83,1,,
SimUFSC 2022.1 - [Einstein Floripa] - Dia 1 [Espanhol],[Einstein Floripa] - SimUFSC 2022.1 - Espanhol,Caroliny Alves Leal,brasilcursinhos_caroliny.alves,41,32,15,errado,36,1,,
SimUFSC 2022.1 - [Einstein Floripa] - Dia 1 [Espanhol],[Einstein Floripa] - SimUFSC 2022.1 - Espanhol,Caroliny Alves Leal,brasilcursinhos_caroliny.alves,42,48,55,errado,75,1,,
SimUFSC 2022.1 - [Einstein Floripa] - Dia 1 [Espanhol],[Einstein Floripa] - SimUFSC 2022.1 - Espanhol,Emanuelly Rubia Barboza Ferreira,brasilcursinhos_emanuelly.rubia,1,02,50,errado,335,"0,769231",,
SimUFSC 2022.1 - [Einstein Floripa] - Dia 1 [Espanhol],[Einstein Floripa] - SimUFSC 2022.1 - Espanhol,Emanuelly Rubia Barboza Ferreira,brasilcursinhos_emanuelly.rubia,2,17,13,errado,302,"0,769231",,
SimUFSC 2022.1 - [Einstein Floripa] - Dia 1 [Espanhol],[Einstein Floripa] - SimUFSC 2022.1 - Espanhol,Emanuelly Rubia Barboza Ferreira,brasilcursinhos_emanuelly.rubia,3,05,12,errado,190,"0,769231",,
SimUFSC 2022.1 - [Einstein Floripa] - Dia 1 [Espanhol],[Einstein Floripa] - SimUFSC 2022.1 - Espanhol,Emanuelly Rubia Barboza Ferreira,brasilcursinhos_emanuelly.rubia,4,06,22,errado,502,"0,769231",,
SimUFSC 2022.1 - [Einstein Floripa] - Dia 1 [Espanhol],[Einstein Floripa] - SimUFSC 2022.1 - Espanhol,Emanuelly Rubia Barboza Ferreira,brasilcursinhos_emanuelly.rubia,5,01,17,errado,180,"0,769231",,
SimUFSC 2022.1 - [Einstein Floripa] - Dia 1 [Espanhol],[Einstein Floripa] - SimUFSC 2022.1 - Espanhol,Emanuelly Rubia Barboza Ferreira,brasilcursinhos_emanuelly.rubia,6,09,15,errado,143,"0,769231",,
SimUFSC 2022.1 - [Einstein Floripa] - Dia 1 [Espanhol],[Einstein Floripa] - SimUFSC 2022.1 - Espanhol,Emanuelly Rubia Barboza Ferreira,brasilcursinhos_emanuelly.rubia,7,01,22,errado,335,"0,769231",,
SimUFSC 2022.1 - [Einstein Floripa] - Dia 1 [Espanhol],[Einstein Floripa] - SimUFSC 2022.1 - Espanhol,Emanuelly Rubia Barboza Ferreira,brasilcursinhos_emanuelly.rubia,8,04,6,errado,62,"0,769232",,
SimUFSC 2022.1 - [Einstein Floripa] - Dia 1 [Espanhol],[Einstein Floripa] - SimUFSC 2022.1 - Espanhol,Emanuelly Rubia Barboza Ferreira,brasilcursinhos_emanuelly.rubia,9,01,5,errado,68,"0,769232",,
SimUFSC 2022.1 - [Einstein Floripa] - Dia 1 [Espanhol],[Einstein Floripa] - SimUFSC 2022.1 - Espanhol,Emanuelly Rubia Barboza Ferreira,brasilcursinhos_emanuelly.rubia,10,04,14,errado,251,"0,769232",,
SimUFSC 2022.1 - [Einstein Floripa] - Dia 1 [Espanhol],[Einstein Floripa] - SimUFSC 2022.1 - Espanhol,Emanuelly Rubia Barboza Ferreira,brasilcursinhos_emanuelly.rubia,11,03,7,errado,178,"0,769233",,
SimUFSC 2022.1 - [Einstein Floripa] - Dia 1 [Espanhol],[Einstein Floripa] - SimUFSC 2022.1 - Espanhol,Emanuelly Rubia Barboza Ferreira,brasilcursinhos_emanuelly.rubia,12,02,1,errado,435,"0,769235",,
SimUFSC 2022.1 - [Einstein Floripa] - Dia 1 [Espanhol],[Einstein Floripa] - SimUFSC 2022.1 - Espanhol,Emanuelly Rubia Barboza Ferreira,brasilcursinhos_emanuelly.rubia,13,04,12,errado,98,"0,76924",,
SimUFSC 2022.1 - [Einstein Floripa] - Dia 1 [Espanhol],[Einstein Floripa] - SimUFSC 2022.1 - Espanhol,Emanuelly Rubia Barboza Ferreira,brasilcursinhos_emanuelly.rubia,14,12,12,certo,513,"1,25",,
SimUFSC 2022.1 - [Einstein Floripa] - Dia 1 [Espanhol],[Einstein Floripa] - SimUFSC 2022.1 - Espanhol,Emanuelly Rubia Barboza Ferreira,brasilcursinhos_emanuelly.rubia,15,04,04,certo,51,"1,25",,
SimUFSC 2022.1 - [Einstein Floripa] - Dia 1 [Espanhol],[Einstein Floripa] - SimUFSC 2022.1 - Espanhol,Emanuelly Rubia Barboza Ferreira,brasilcursinhos_emanuelly.rubia,16,01,03,errado,108,"1,25",,
SimUFSC 2022.1 - [Einstein Floripa] - Dia 1 [Espanhol],[Einstein Floripa] - SimUFSC 2022.1 - Espanhol,Emanuelly Rubia Barboza Ferreira,brasilcursinhos_emanuelly.rubia,17,01,9,errado,115,"1,25",,
SimUFSC 2022.1 - [Einstein Floripa] - Dia 1 [Espanhol],[Einstein Floripa] - SimUFSC 2022.1 - Espanhol,Emanuelly Rubia Barboza Ferreira,brasilcursinhos_emanuelly.rubia,18,02,03,errado,332,"1,25",,
SimUFSC 2022.1 - [Einstein Floripa] - Dia 1 [Espanhol],[Einstein Floripa] - SimUFSC 2022.1 - Espanhol,Emanuelly Rubia Barboza Ferreira,brasilcursinhos_emanuelly.rubia,19,01,20,errado,65,"1,25",,
SimUFSC 2022.1 - [Einstein Floripa] - Dia 1 [Espanhol],[Einstein Floripa] - SimUFSC 2022.1 - Espanhol,Emanuelly Rubia Barboza Ferreira,brasilcursinhos_emanuelly.rubia,20,01,01,certo,237,"1,25",,
SimUFSC 2022.1 - [Einstein Floripa] - Dia 1 [Espanhol],[Einstein Floripa] - SimUFSC 2022.1 - Espanhol,Emanuelly Rubia Barboza Ferreira,brasilcursinhos_emanuelly.rubia,21,04,38,errado,112,"1,25",,
SimUFSC 2022.1 - [Einstein Floripa] - Dia 1 [Espanhol],[Einstein Floripa] - SimUFSC 2022.1 - Espanhol,Emanuelly Rubia Barboza Ferreira,brasilcursinhos_emanuelly.rubia,22,"<p><span style=""font-size: 12pt;"">﻿ok</span></p>",,não corrigido,129,"0,909091",,
SimUFSC 2022.1 - [Einstein Floripa] - Dia 1 [Espanhol],[Einstein Floripa] - SimUFSC 2022.1 - Espanhol,Emanuelly Rubia Barboza Ferreira,brasilcursinhos_emanuelly.rubia,23,04,10,errado,833,"0,909091",,
SimUFSC 2022.1 - [Einstein Floripa] - Dia 1 [Espanhol],[Einstein Floripa] - SimUFSC 2022.1 - Espanhol,Emanuelly Rubia Barboza Ferreira,brasilcursinhos_emanuelly.rubia,24,01,09,errado,1367,"0,909091",,
SimUFSC 2022.1 - [Einstein Floripa] - Dia 1 [Espanhol],[Einstein Floripa] - SimUFSC 2022.1 - Espanhol,Emanuelly Rubia Barboza Ferreira,brasilcursinhos_emanuelly.rubia,25,08,22,errado,109,"0,909091",,
SimUFSC 2022.1 - [Einstein Floripa] - Dia 1 [Espanhol],[Einstein Floripa] - SimUFSC 2022.1 - Espanhol,Emanuelly Rubia Barboza Ferreira,brasilcursinhos_emanuelly.rubia,26,04,05,errado,486,"0,909091",,
SimUFSC 2022.1 - [Einstein Floripa] - Dia 1 [Espanhol],[Einstein Floripa] - SimUFSC 2022.1 - Espanhol,Emanuelly Rubia Barboza Ferreira,brasilcursinhos_emanuelly.rubia,27,5,02,errado,854,"0,909092",,
SimUFSC 2022.1 - [Einstein Floripa] - Dia 1 [Espanhol],[Einstein Floripa] - SimUFSC 2022.1 - Espanhol,Emanuelly Rubia Barboza Ferreira,brasilcursinhos_emanuelly.rubia,28,16,06,errado,236,"0,909092",,
SimUFSC 2022.1 - [Einstein Floripa] - Dia 1 [Espanhol],[Einstein Floripa] - SimUFSC 2022.1 - Espanhol,Emanuelly Rubia Barboza Ferreira,brasilcursinhos_emanuelly.rubia,29,08,03,errado,617,"0,909092",,
SimUFSC 2022.1 - [Einstein Floripa] - Dia 1 [Espanhol],[Einstein Floripa] - SimUFSC 2022.1 - Espanhol,Emanuelly Rubia Barboza Ferreira,brasilcursinhos_emanuelly.rubia,30,01,11,errado,439,"0,909093",,
SimUFSC 2022.1 - [Einstein Floripa] - Dia 1 [Espanhol],[Einstein Floripa] - SimUFSC 2022.1 - Espanhol,Emanuelly Rubia Barboza Ferreira,brasilcursinhos_emanuelly.rubia,31,04,10,errado,90,"0,909095",,
SimUFSC 2022.1 - [Einstein Floripa] - Dia 1 [Espanhol],[Einstein Floripa] - SimUFSC 2022.1 - Espanhol,Emanuelly Rubia Barboza Ferreira,brasilcursinhos_emanuelly.rubia,32,08,18,errado,312,"0,90909",,
SimUFSC 2022.1 - [Einstein Floripa] - Dia 1 [Espanhol],[Einstein Floripa] - SimUFSC 2022.1 - Espanhol,Emanuelly Rubia Barboza Ferreira,brasilcursinhos_emanuelly.rubia,33,01,29,errado,260,1,,
SimUFSC 2022.1 - [Einstein Floripa] - Dia 1 [Espanhol],[Einstein Floripa] - SimUFSC 2022.1 - Espanhol,Emanuelly Rubia Barboza Ferreira,brasilcursinhos_emanuelly.rubia,34,18,52,errado,352,1,,
SimUFSC 2022.1 - [Einstein Floripa] - Dia 1 [Espanhol],[Einstein Floripa] - SimUFSC 2022.1 - Espanhol,Emanuelly Rubia Barboza Ferreira,brasilcursinhos_emanuelly.rubia,35,26,54,errado,359,1,,
SimUFSC 2022.1 - [Einstein Floripa] - Dia 1 [Espanhol],[Einstein Floripa] - SimUFSC 2022.1 - Espanhol,Emanuelly Rubia Barboza Ferreira,brasilcursinhos_emanuelly.rubia,36,08,75,errado,86,1,,
SimUFSC 2022.1 - [Einstein Floripa] - Dia 1 [Espanhol],[Einstein Floripa] - SimUFSC 2022.1 - Espanhol,Emanuelly Rubia Barboza Ferreira,brasilcursinhos_emanuelly.rubia,37,03,35,errado,146,1,,
SimUFSC 2022.1 - [Einstein Floripa] - Dia 1 [Espanhol],[Einstein Floripa] - SimUFSC 2022.1 - Espanhol,Emanuelly Rubia Barboza Ferreira,brasilcursinhos_emanuelly.rubia,38,04,36,errado,316,1,,
SimUFSC 2022.1 - [Einstein Floripa] - Dia 1 [Espanhol],[Einstein Floripa] - SimUFSC 2022.1 - Espanhol,Emanuelly Rubia Barboza Ferreira,brasilcursinhos_emanuelly.rubia,39,08,8,errado,211,1,,
SimUFSC 2022.1 - [Einstein Floripa] - Dia 1 [Espanhol],[Einstein Floripa] - SimUFSC 2022.1 - Espanhol,Emanuelly Rubia Barboza Ferreira,brasilcursinhos_emanuelly.rubia,40,27,27,certo,168,1,,
SimUFSC 2022.1 - [Einstein Floripa] - Dia 1 [Espanhol],[Einstein Floripa] - SimUFSC 2022.1 - Espanhol,Emanuelly Rubia Barboza Ferreira,brasilcursinhos_emanuelly.rubia,41,4,15,errado,156,1,,
SimUFSC 2022.1 - [Einstein Floripa] - Dia 1 [Espanhol],[Einstein Floripa] - SimUFSC 2022.1 - Espanhol,Emanuelly Rubia Barboza Ferreira,brasilcursinhos_emanuelly.rubia,42,16,55,errado,97,1,,
SimUFSC 2022.1 - [Einstein Floripa] - Dia 1 [Espanhol],[Einstein Floripa] - SimUFSC 2022.1 - Espanhol,Felippe Castro de Moraes,brasilcursinhos_felippe.castro,1,50,50,certo,115,"0,769231",,
SimUFSC 2022.1 - [Einstein Floripa] - Dia 1 [Espanhol],[Einstein Floripa] - SimUFSC 2022.1 - Espanhol,Felippe Castro de Moraes,brasilcursinhos_felippe.castro,2,05,13,errado,293,"0,769231",,
SimUFSC 2022.1 - [Einstein Floripa] - Dia 1 [Espanhol],[Einstein Floripa] - SimUFSC 2022.1 - Espanhol,Felippe Castro de Moraes,brasilcursinhos_felippe.castro,3,12,12,certo,76,"0,769231",,
SimUFSC 2022.1 - [Einstein Floripa] - Dia 1 [Espanhol],[Einstein Floripa] - SimUFSC 2022.1 - Espanhol,Felippe Castro de Moraes,brasilcursinhos_felippe.castro,4,04,22,errado,207,"0,769231",,
SimUFSC 2022.1 - [Einstein Floripa] - Dia 1 [Espanhol],[Einstein Floripa] - SimUFSC 2022.1 - Espanhol,Felippe Castro de Moraes,brasilcursinhos_felippe.castro,5,03,17,errado,186,"0,769231",,
SimUFSC 2022.1 - [Einstein Floripa] - Dia 1 [Espanhol],[Einstein Floripa] - SimUFSC 2022.1 - Espanhol,Felippe Castro de Moraes,brasilcursinhos_felippe.castro,6,11,15,errado,196,"0,769231",,
SimUFSC 2022.1 - [Einstein Floripa] - Dia 1 [Espanhol],[Einstein Floripa] - SimUFSC 2022.1 - Espanhol,Felippe Castro de Moraes,brasilcursinhos_felippe.castro,7,tá mto ruim de ler,22,errado,104,"0,769231",,
SimUFSC 2022.1 - [Einstein Floripa] - Dia 1 [Espanhol],[Einstein Floripa] - SimUFSC 2022.1 - Espanhol,Felippe Castro de Moraes,brasilcursinhos_felippe.castro,8,,6,errado,19,"0,769232",,
SimUFSC 2022.1 - [Einstein Floripa] - Dia 1 [Espanhol],[Einstein Floripa] - SimUFSC 2022.1 - Espanhol,Felippe Castro de Moraes,brasilcursinhos_felippe.castro,9,,5,errado,2,"0,769232",,
SimUFSC 2022.1 - [Einstein Floripa] - Dia 1 [Espanhol],[Einstein Floripa] - SimUFSC 2022.1 - Espanhol,Felippe Castro de Moraes,brasilcursinhos_felippe.castro,10,,14,errado,60,"0,769232",,
SimUFSC 2022.1 - [Einstein Floripa] - Dia 1 [Espanhol],[Einstein Floripa] - SimUFSC 2022.1 - Espanhol,Felippe Castro de Moraes,brasilcursinhos_felippe.castro,11,05,7,errado,118,"0,769233",,
SimUFSC 2022.1 - [Einstein Floripa] - Dia 1 [Espanhol],[Einstein Floripa] - SimUFSC 2022.1 - Espanhol,Felippe Castro de Moraes,brasilcursinhos_felippe.castro,12,,1,errado,6,"0,769235",,
SimUFSC 2022.1 - [Einstein Floripa] - Dia 1 [Espanhol],[Einstein Floripa] - SimUFSC 2022.1 - Espanhol,Felippe Castro de Moraes,brasilcursinhos_felippe.castro,13,12,12,certo,81,"0,76924",,
SimUFSC 2022.1 - [Einstein Floripa] - Dia 1 [Espanhol],[Einstein Floripa] - SimUFSC 2022.1 - Espanhol,Felippe Castro de Moraes,brasilcursinhos_felippe.castro,14,,12,errado,24,"1,25",,
SimUFSC 2022.1 - [Einstein Floripa] - Dia 1 [Espanhol],[Einstein Floripa] - SimUFSC 2022.1 - Espanhol,Felippe Castro de Moraes,brasilcursinhos_felippe.castro,15,,04,errado,11,"1,25",,
SimUFSC 2022.1 - [Einstein Floripa] - Dia 1 [Espanhol],[Einstein Floripa] - SimUFSC 2022.1 - Espanhol,Felippe Castro de Moraes,brasilcursinhos_felippe.castro,16,,03,errado,6,"1,25",,
SimUFSC 2022.1 - [Einstein Floripa] - Dia 1 [Espanhol],[Einstein Floripa] - SimUFSC 2022.1 - Espanhol,Felippe Castro de Moraes,brasilcursinhos_felippe.castro,17,,9,errado,3,"1,25",,
SimUFSC 2022.1 - [Einstein Floripa] - Dia 1 [Espanhol],[Einstein Floripa] - SimUFSC 2022.1 - Espanhol,Felippe Castro de Moraes,brasilcursinhos_felippe.castro,18,13,03,errado,102,"1,25",,
SimUFSC 2022.1 - [Einstein Floripa] - Dia 1 [Espanhol],[Einstein Floripa] - SimUFSC 2022.1 - Espanhol,Felippe Castro de Moraes,brasilcursinhos_felippe.castro,19,04,20,errado,339,"1,25",,
SimUFSC 2022.1 - [Einstein Floripa] - Dia 1 [Espanhol],[Einstein Floripa] - SimUFSC 2022.1 - Espanhol,Felippe Castro de Moraes,brasilcursinhos_felippe.castro,20,13,01,errado,149,"1,25",,
SimUFSC 2022.1 - [Einstein Floripa] - Dia 1 [Espanhol],[Einstein Floripa] - SimUFSC 2022.1 - Espanhol,Felippe Castro de Moraes,brasilcursinhos_felippe.castro,21,,38,errado,137,"1,25",,
SimUFSC 2022.1 - [Einstein Floripa] - Dia 1 [Espanhol],[Einstein Floripa] - SimUFSC 2022.1 - Espanhol,Felippe Castro de Moraes,brasilcursinhos_felippe.castro,22,"<p><span style=""font-size: 12pt;"">﻿.</span></p>",,não corrigido,17,"0,909091",,
SimUFSC 2022.1 - [Einstein Floripa] - Dia 1 [Espanhol],[Einstein Floripa] - SimUFSC 2022.1 - Espanhol,Felippe Castro de Moraes,brasilcursinhos_felippe.castro,23,02,10,errado,449,"0,909091",,
SimUFSC 2022.1 - [Einstein Floripa] - Dia 1 [Espanhol],[Einstein Floripa] - SimUFSC 2022.1 - Espanhol,Felippe Castro de Moraes,brasilcursinhos_felippe.castro,24,,09,errado,1353,"0,909091",,
SimUFSC 2022.1 - [Einstein Floripa] - Dia 1 [Espanhol],[Einstein Floripa] - SimUFSC 2022.1 - Espanhol,Felippe Castro de Moraes,brasilcursinhos_felippe.castro,25,08,22,errado,907,"0,909091",,
SimUFSC 2022.1 - [Einstein Floripa] - Dia 1 [Espanhol],[Einstein Floripa] - SimUFSC 2022.1 - Espanhol,Felippe Castro de Moraes,brasilcursinhos_felippe.castro,26,06,05,errado,699,"0,909091",,
SimUFSC 2022.1 - [Einstein Floripa] - Dia 1 [Espanhol],[Einstein Floripa] - SimUFSC 2022.1 - Espanhol,Felippe Castro de Moraes,brasilcursinhos_felippe.castro,27,como q eu vou cortar a raíz da fórmula de baskára ?,02,errado,591,"0,909092",,
SimUFSC 2022.1 - [Einstein Floripa] - Dia 1 [Espanhol],[Einstein Floripa] - SimUFSC 2022.1 - Espanhol,Felippe Castro de Moraes,brasilcursinhos_felippe.castro,28,18,06,errado,634,"0,909092",,
SimUFSC 2022.1 - [Einstein Floripa] - Dia 1 [Espanhol],[Einstein Floripa] - SimUFSC 2022.1 - Espanhol,Felippe Castro de Moraes,brasilcursinhos_felippe.castro,29,05,03,errado,571,"0,909092",,
SimUFSC 2022.1 - [Einstein Floripa] - Dia 1 [Espanhol],[Einstein Floripa] - SimUFSC 2022.1 - Espanhol,Felippe Castro de Moraes,brasilcursinhos_felippe.castro,30,12,11,errado,935,"0,909093",,
SimUFSC 2022.1 - [Einstein Floripa] - Dia 1 [Espanhol],[Einstein Floripa] - SimUFSC 2022.1 - Espanhol,Felippe Castro de Moraes,brasilcursinhos_felippe.castro,31,"vamos orar, pq isso n é de Deus. Aconselho q faça crisma, assim será abençoado.",10,errado,1564,"0,909095",,
SimUFSC 2022.1 - [Einstein Floripa] - Dia 1 [Espanhol],[Einstein Floripa] - SimUFSC 2022.1 - Espanhol,Felippe Castro de Moraes,brasilcursinhos_felippe.castro,32,04,18,errado,688,"0,90909",,
SimUFSC 2022.1 - [Einstein Floripa] - Dia 1 [Espanhol],[Einstein Floripa] - SimUFSC 2022.1 - Espanhol,Felippe Castro de Moraes,brasilcursinhos_felippe.castro,33,28,29,errado,99,1,,
SimUFSC 2022.1 - [Einstein Floripa] - Dia 1 [Espanhol],[Einstein Floripa] - SimUFSC 2022.1 - Espanhol,Felippe Castro de Moraes,brasilcursinhos_felippe.castro,34,60,52,errado,147,1,,
SimUFSC 2022.1 - [Einstein Floripa] - Dia 1 [Espanhol],[Einstein Floripa] - SimUFSC 2022.1 - Espanhol,Felippe Castro de Moraes,brasilcursinhos_felippe.castro,35,59,54,errado,212,1,,
SimUFSC 2022.1 - [Einstein Floripa] - Dia 1 [Espanhol],[Einstein Floripa] - SimUFSC 2022.1 - Espanhol,Felippe Castro de Moraes,brasilcursinhos_felippe.castro,36,14,75,errado,165,1,,
SimUFSC 2022.1 - [Einstein Floripa] - Dia 1 [Espanhol],[Einstein Floripa] - SimUFSC 2022.1 - Espanhol,Felippe Castro de Moraes,brasilcursinhos_felippe.castro,37,02,35,errado,225,1,,
SimUFSC 2022.1 - [Einstein Floripa] - Dia 1 [Espanhol],[Einstein Floripa] - SimUFSC 2022.1 - Espanhol,Felippe Castro de Moraes,brasilcursinhos_felippe.castro,38,36,36,certo,281,1,,
SimUFSC 2022.1 - [Einstein Floripa] - Dia 1 [Espanhol],[Einstein Floripa] - SimUFSC 2022.1 - Espanhol,Felippe Castro de Moraes,brasilcursinhos_felippe.castro,39,08,8,errado,195,1,,
SimUFSC 2022.1 - [Einstein Floripa] - Dia 1 [Espanhol],[Einstein Floripa] - SimUFSC 2022.1 - Espanhol,Felippe Castro de Moraes,brasilcursinhos_felippe.castro,40,29,27,errado,92,1,,
SimUFSC 2022.1 - [Einstein Floripa] - Dia 1 [Espanhol],[Einstein Floripa] - SimUFSC 2022.1 - Espanhol,Felippe Castro de Moraes,brasilcursinhos_felippe.castro,41,04,15,errado,69,1,,
SimUFSC 2022.1 - [Einstein Floripa] - Dia 1 [Espanhol],[Einstein Floripa] - SimUFSC 2022.1 - Espanhol,Felippe Castro de Moraes,brasilcursinhos_felippe.castro,42,55,55,certo,104,1,,
SimUFSC 2022.1 - [Einstein Floripa] - Dia 1 [Espanhol],[Einstein Floripa] - SimUFSC 2022.1 - Espanhol,Gabriéle Alban Gonçalves,brasilcursinhos_gabriele.alban,1,50,50,certo,324,"0,769231",,
SimUFSC 2022.1 - [Einstein Floripa] - Dia 1 [Espanhol],[Einstein Floripa] - SimUFSC 2022.1 - Espanhol,Gabriéle Alban Gonçalves,brasilcursinhos_gabriele.alban,2,13,13,certo,177,"0,769231",,
SimUFSC 2022.1 - [Einstein Floripa] - Dia 1 [Espanhol],[Einstein Floripa] - SimUFSC 2022.1 - Espanhol,Gabriéle Alban Gonçalves,brasilcursinhos_gabriele.alban,3,12,12,certo,97,"0,769231",,
SimUFSC 2022.1 - [Einstein Floripa] - Dia 1 [Espanhol],[Einstein Floripa] - SimUFSC 2022.1 - Espanhol,Gabriéle Alban Gonçalves,brasilcursinhos_gabriele.alban,4,06,22,errado,223,"0,769231",,
SimUFSC 2022.1 - [Einstein Floripa] - Dia 1 [Espanhol],[Einstein Floripa] - SimUFSC 2022.1 - Espanhol,Gabriéle Alban Gonçalves,brasilcursinhos_gabriele.alban,5,03,17,errado,162,"0,769231",,
SimUFSC 2022.1 - [Einstein Floripa] - Dia 1 [Espanhol],[Einstein Floripa] - SimUFSC 2022.1 - Espanhol,Gabriéle Alban Gonçalves,brasilcursinhos_gabriele.alban,6,15,15,certo,147,"0,769231",,
SimUFSC 2022.1 - [Einstein Floripa] - Dia 1 [Espanhol],[Einstein Floripa] - SimUFSC 2022.1 - Espanhol,Gabriéle Alban Gonçalves,brasilcursinhos_gabriele.alban,7,21,22,errado,379,"0,769231",,
SimUFSC 2022.1 - [Einstein Floripa] - Dia 1 [Espanhol],[Einstein Floripa] - SimUFSC 2022.1 - Espanhol,Gabriéle Alban Gonçalves,brasilcursinhos_gabriele.alban,8,06,6,errado,269,"0,769232",,
SimUFSC 2022.1 - [Einstein Floripa] - Dia 1 [Espanhol],[Einstein Floripa] - SimUFSC 2022.1 - Espanhol,Gabriéle Alban Gonçalves,brasilcursinhos_gabriele.alban,9,05,5,errado,63,"0,769232",,
SimUFSC 2022.1 - [Einstein Floripa] - Dia 1 [Espanhol],[Einstein Floripa] - SimUFSC 2022.1 - Espanhol,Gabriéle Alban Gonçalves,brasilcursinhos_gabriele.alban,10,14,14,certo,190,"0,769232",,
SimUFSC 2022.1 - [Einstein Floripa] - Dia 1 [Espanhol],[Einstein Floripa] - SimUFSC 2022.1 - Espanhol,Gabriéle Alban Gonçalves,brasilcursinhos_gabriele.alban,11,07,7,errado,94,"0,769233",,
SimUFSC 2022.1 - [Einstein Floripa] - Dia 1 [Espanhol],[Einstein Floripa] - SimUFSC 2022.1 - Espanhol,Gabriéle Alban Gonçalves,brasilcursinhos_gabriele.alban,12,01,1,errado,202,"0,769235",,
SimUFSC 2022.1 - [Einstein Floripa] - Dia 1 [Espanhol],[Einstein Floripa] - SimUFSC 2022.1 - Espanhol,Gabriéle Alban Gonçalves,brasilcursinhos_gabriele.alban,13,12,12,certo,115,"0,76924",,
SimUFSC 2022.1 - [Einstein Floripa] - Dia 1 [Espanhol],[Einstein Floripa] - SimUFSC 2022.1 - Espanhol,Gabriéle Alban Gonçalves,brasilcursinhos_gabriele.alban,14,12,12,certo,367,"1,25",,
SimUFSC 2022.1 - [Einstein Floripa] - Dia 1 [Espanhol],[Einstein Floripa] - SimUFSC 2022.1 - Espanhol,Gabriéle Alban Gonçalves,brasilcursinhos_gabriele.alban,15,16,04,errado,91,"1,25",,
SimUFSC 2022.1 - [Einstein Floripa] - Dia 1 [Espanhol],[Einstein Floripa] - SimUFSC 2022.1 - Espanhol,Gabriéle Alban Gonçalves,brasilcursinhos_gabriele.alban,16,09,03,errado,209,"1,25",,
SimUFSC 2022.1 - [Einstein Floripa] - Dia 1 [Espanhol],[Einstein Floripa] - SimUFSC 2022.1 - Espanhol,Gabriéle Alban Gonçalves,brasilcursinhos_gabriele.alban,17,07,9,errado,165,"1,25",,
SimUFSC 2022.1 - [Einstein Floripa] - Dia 1 [Espanhol],[Einstein Floripa] - SimUFSC 2022.1 - Espanhol,Gabriéle Alban Gonçalves,brasilcursinhos_gabriele.alban,18,03,03,certo,234,"1,25",,
SimUFSC 2022.1 - [Einstein Floripa] - Dia 1 [Espanhol],[Einstein Floripa] - SimUFSC 2022.1 - Espanhol,Gabriéle Alban Gonçalves,brasilcursinhos_gabriele.alban,19,20,20,certo,125,"1,25",,
SimUFSC 2022.1 - [Einstein Floripa] - Dia 1 [Espanhol],[Einstein Floripa] - SimUFSC 2022.1 - Espanhol,Gabriéle Alban Gonçalves,brasilcursinhos_gabriele.alban,20,01,01,certo,190,"1,25",,
SimUFSC 2022.1 - [Einstein Floripa] - Dia 1 [Espanhol],[Einstein Floripa] - SimUFSC 2022.1 - Espanhol,Gabriéle Alban Gonçalves,brasilcursinhos_gabriele.alban,21,46,38,errado,180,"1,25",,
SimUFSC 2022.1 - [Einstein Floripa] - Dia 1 [Espanhol],[Einstein Floripa] - SimUFSC 2022.1 - Espanhol,Gabriéle Alban Gonçalves,brasilcursinhos_gabriele.alban,22,"<p><span style=""font-size: 12pt;"">ok</span></p>",,não corrigido,28,"0,909091",,
SimUFSC 2022.1 - [Einstein Floripa] - Dia 1 [Espanhol],[Einstein Floripa] - SimUFSC 2022.1 - Espanhol,Gabriéle Alban Gonçalves,brasilcursinhos_gabriele.alban,23,17,10,errado,374,"0,909091",,
SimUFSC 2022.1 - [Einstein Floripa] - Dia 1 [Espanhol],[Einstein Floripa] - SimUFSC 2022.1 - Espanhol,Gabriéle Alban Gonçalves,brasilcursinhos_gabriele.alban,24,12,09,errado,147,"0,909091",,
SimUFSC 2022.1 - [Einstein Floripa] - Dia 1 [Espanhol],[Einstein Floripa] - SimUFSC 2022.1 - Espanhol,Gabriéle Alban Gonçalves,brasilcursinhos_gabriele.alban,25,48,22,errado,53,"0,909091",,
SimUFSC 2022.1 - [Einstein Floripa] - Dia 1 [Espanhol],[Einstein Floripa] - SimUFSC 2022.1 - Espanhol,Gabriéle Alban Gonçalves,brasilcursinhos_gabriele.alban,26,05,05,certo,24,"0,909091",,
SimUFSC 2022.1 - [Einstein Floripa] - Dia 1 [Espanhol],[Einstein Floripa] - SimUFSC 2022.1 - Espanhol,Gabriéle Alban Gonçalves,brasilcursinhos_gabriele.alban,27,32,02,errado,55,"0,909092",,
SimUFSC 2022.1 - [Einstein Floripa] - Dia 1 [Espanhol],[Einstein Floripa] - SimUFSC 2022.1 - Espanhol,Gabriéle Alban Gonçalves,brasilcursinhos_gabriele.alban,28,05,06,errado,192,"0,909092",,
SimUFSC 2022.1 - [Einstein Floripa] - Dia 1 [Espanhol],[Einstein Floripa] - SimUFSC 2022.1 - Espanhol,Gabriéle Alban Gonçalves,brasilcursinhos_gabriele.alban,29,12,03,errado,52,"0,909092",,
SimUFSC 2022.1 - [Einstein Floripa] - Dia 1 [Espanhol],[Einstein Floripa] - SimUFSC 2022.1 - Espanhol,Gabriéle Alban Gonçalves,brasilcursinhos_gabriele.alban,30,02,11,errado,119,"0,909093",,
SimUFSC 2022.1 - [Einstein Floripa] - Dia 1 [Espanhol],[Einstein Floripa] - SimUFSC 2022.1 - Espanhol,Gabriéle Alban Gonçalves,brasilcursinhos_gabriele.alban,31,12,10,errado,50,"0,909095",,
SimUFSC 2022.1 - [Einstein Floripa] - Dia 1 [Espanhol],[Einstein Floripa] - SimUFSC 2022.1 - Espanhol,Gabriéle Alban Gonçalves,brasilcursinhos_gabriele.alban,32,06,18,errado,67,"0,90909",,
SimUFSC 2022.1 - [Einstein Floripa] - Dia 1 [Espanhol],[Einstein Floripa] - SimUFSC 2022.1 - Espanhol,Gabriéle Alban Gonçalves,brasilcursinhos_gabriele.alban,33,29,29,certo,89,1,,
SimUFSC 2022.1 - [Einstein Floripa] - Dia 1 [Espanhol],[Einstein Floripa] - SimUFSC 2022.1 - Espanhol,Gabriéle Alban Gonçalves,brasilcursinhos_gabriele.alban,34,56,52,errado,251,1,,
SimUFSC 2022.1 - [Einstein Floripa] - Dia 1 [Espanhol],[Einstein Floripa] - SimUFSC 2022.1 - Espanhol,Gabriéle Alban Gonçalves,brasilcursinhos_gabriele.alban,35,22,54,errado,183,1,,
SimUFSC 2022.1 - [Einstein Floripa] - Dia 1 [Espanhol],[Einstein Floripa] - SimUFSC 2022.1 - Espanhol,Gabriéle Alban Gonçalves,brasilcursinhos_gabriele.alban,36,14,75,errado,183,1,,
SimUFSC 2022.1 - [Einstein Floripa] - Dia 1 [Espanhol],[Einstein Floripa] - SimUFSC 2022.1 - Espanhol,Gabriéle Alban Gonçalves,brasilcursinhos_gabriele.alban,37,23,35,errado,239,1,,
SimUFSC 2022.1 - [Einstein Floripa] - Dia 1 [Espanhol],[Einstein Floripa] - SimUFSC 2022.1 - Espanhol,Gabriéle Alban Gonçalves,brasilcursinhos_gabriele.alban,38,40,36,errado,112,1,,
SimUFSC 2022.1 - [Einstein Floripa] - Dia 1 [Espanhol],[Einstein Floripa] - SimUFSC 2022.1 - Espanhol,Gabriéle Alban Gonçalves,brasilcursinhos_gabriele.alban,39,08,8,errado,136,1,,
SimUFSC 2022.1 - [Einstein Floripa] - Dia 1 [Espanhol],[Einstein Floripa] - SimUFSC 2022.1 - Espanhol,Gabriéle Alban Gonçalves,brasilcursinhos_gabriele.alban,40,26,27,errado,63,1,,
SimUFSC 2022.1 - [Einstein Floripa] - Dia 1 [Espanhol],[Einstein Floripa] - SimUFSC 2022.1 - Espanhol,Gabriéle Alban Gonçalves,brasilcursinhos_gabriele.alban,41,14,15,errado,244,1,,
SimUFSC 2022.1 - [Einstein Floripa] - Dia 1 [Espanhol],[Einstein Floripa] - SimUFSC 2022.1 - Espanhol,Gabriéle Alban Gonçalves,brasilcursinhos_gabriele.alban,42,55,55,certo,152,1,,
SimUFSC 2022.1 - [Einstein Floripa] - Dia 1 [Espanhol],[Einstein Floripa] - SimUFSC 2022.1 - Espanhol,Luiza Gaia da Silva,brasilcursinhos_luiza.gaia,1,02+04=06,50,errado,252,"0,769231",,
SimUFSC 2022.1 - [Einstein Floripa] - Dia 1 [Espanhol],[Einstein Floripa] - SimUFSC 2022.1 - Espanhol,Luiza Gaia da Silva,brasilcursinhos_luiza.gaia,2,01+04+08=13,13,errado,356,"0,769231",,
SimUFSC 2022.1 - [Einstein Floripa] - Dia 1 [Espanhol],[Einstein Floripa] - SimUFSC 2022.1 - Espanhol,Luiza Gaia da Silva,brasilcursinhos_luiza.gaia,3,04+08=12,12,errado,144,"0,769231",,
SimUFSC 2022.1 - [Einstein Floripa] - Dia 1 [Espanhol],[Einstein Floripa] - SimUFSC 2022.1 - Espanhol,Luiza Gaia da Silva,brasilcursinhos_luiza.gaia,4,02+04=06,22,errado,423,"0,769231",,
SimUFSC 2022.1 - [Einstein Floripa] - Dia 1 [Espanhol],[Einstein Floripa] - SimUFSC 2022.1 - Espanhol,Luiza Gaia da Silva,brasilcursinhos_luiza.gaia,5,08+04+02=14,17,errado,114,"0,769231",,
SimUFSC 2022.1 - [Einstein Floripa] - Dia 1 [Espanhol],[Einstein Floripa] - SimUFSC 2022.1 - Espanhol,Luiza Gaia da Silva,brasilcursinhos_luiza.gaia,6,01+02+04=07,15,errado,212,"0,769231",,
SimUFSC 2022.1 - [Einstein Floripa] - Dia 1 [Espanhol],[Einstein Floripa] - SimUFSC 2022.1 - Espanhol,Luiza Gaia da Silva,brasilcursinhos_luiza.gaia,7,01+02+04=07,22,errado,546,"0,769231",,
SimUFSC 2022.1 - [Einstein Floripa] - Dia 1 [Espanhol],[Einstein Floripa] - SimUFSC 2022.1 - Espanhol,Luiza Gaia da Silva,brasilcursinhos_luiza.gaia,8,01+02+04+08=15,6,errado,126,"0,769232",,
SimUFSC 2022.1 - [Einstein Floripa] - Dia 1 [Espanhol],[Einstein Floripa] - SimUFSC 2022.1 - Espanhol,Luiza Gaia da Silva,brasilcursinhos_luiza.gaia,9,01+04=05,5,errado,59,"0,769232",,
SimUFSC 2022.1 - [Einstein Floripa] - Dia 1 [Espanhol],[Einstein Floripa] - SimUFSC 2022.1 - Espanhol,Luiza Gaia da Silva,brasilcursinhos_luiza.gaia,10,04+08=12,14,errado,254,"0,769232",,
SimUFSC 2022.1 - [Einstein Floripa] - Dia 1 [Espanhol],[Einstein Floripa] - SimUFSC 2022.1 - Espanhol,Luiza Gaia da Silva,brasilcursinhos_luiza.gaia,11,01+02+04=07,7,errado,244,"0,769233",,
SimUFSC 2022.1 - [Einstein Floripa] - Dia 1 [Espanhol],[Einstein Floripa] - SimUFSC 2022.1 - Espanhol,Luiza Gaia da Silva,brasilcursinhos_luiza.gaia,12,01+04=05,1,errado,256,"0,769235",,
SimUFSC 2022.1 - [Einstein Floripa] - Dia 1 [Espanhol],[Einstein Floripa] - SimUFSC 2022.1 - Espanhol,Luiza Gaia da Silva,brasilcursinhos_luiza.gaia,13,02+04+08+=14,12,errado,182,"0,76924",,
SimUFSC 2022.1 - [Einstein Floripa] - Dia 1 [Espanhol],[Einstein Floripa] - SimUFSC 2022.1 - Espanhol,Luiza Gaia da Silva,brasilcursinhos_luiza.gaia,14,02+04+08=14,12,errado,991,"1,25",,
SimUFSC 2022.1 - [Einstein Floripa] - Dia 1 [Espanhol],[Einstein Floripa] - SimUFSC 2022.1 - Espanhol,Luiza Gaia da Silva,brasilcursinhos_luiza.gaia,15,01+04+08=13,04,errado,166,"1,25",,
SimUFSC 2022.1 - [Einstein Floripa] - Dia 1 [Espanhol],[Einstein Floripa] - SimUFSC 2022.1 - Espanhol,Luiza Gaia da Silva,brasilcursinhos_luiza.gaia,16,01,03,errado,444,"1,25",,
SimUFSC 2022.1 - [Einstein Floripa] - Dia 1 [Espanhol],[Einstein Floripa] - SimUFSC 2022.1 - Espanhol,Luiza Gaia da Silva,brasilcursinhos_luiza.gaia,17,01+04+08=11,9,errado,196,"1,25",,
SimUFSC 2022.1 - [Einstein Floripa] - Dia 1 [Espanhol],[Einstein Floripa] - SimUFSC 2022.1 - Espanhol,Luiza Gaia da Silva,brasilcursinhos_luiza.gaia,18,01+02+04=07,03,errado,299,"1,25",,
SimUFSC 2022.1 - [Einstein Floripa] - Dia 1 [Espanhol],[Einstein Floripa] - SimUFSC 2022.1 - Espanhol,Luiza Gaia da Silva,brasilcursinhos_luiza.gaia,19,01+04+16=21,20,errado,418,"1,25",,
SimUFSC 2022.1 - [Einstein Floripa] - Dia 1 [Espanhol],[Einstein Floripa] - SimUFSC 2022.1 - Espanhol,Luiza Gaia da Silva,brasilcursinhos_luiza.gaia,20,01+08=09,01,errado,438,"1,25",,
SimUFSC 2022.1 - [Einstein Floripa] - Dia 1 [Espanhol],[Einstein Floripa] - SimUFSC 2022.1 - Espanhol,Luiza Gaia da Silva,brasilcursinhos_luiza.gaia,21,02+04+08=14,38,errado,213,"1,25",,
SimUFSC 2022.1 - [Einstein Floripa] - Dia 1 [Espanhol],[Einstein Floripa] - SimUFSC 2022.1 - Espanhol,Luiza Gaia da Silva,brasilcursinhos_luiza.gaia,22,"<p><span style=""font-size: 12pt;"">Ok</span></p>",,não corrigido,782,"0,909091",,
SimUFSC 2022.1 - [Einstein Floripa] - Dia 1 [Espanhol],[Einstein Floripa] - SimUFSC 2022.1 - Espanhol,Luiza Gaia da Silva,brasilcursinhos_luiza.gaia,23,02+04=06,10,errado,1045,"0,909091",,
SimUFSC 2022.1 - [Einstein Floripa] - Dia 1 [Espanhol],[Einstein Floripa] - SimUFSC 2022.1 - Espanhol,Luiza Gaia da Silva,brasilcursinhos_luiza.gaia,24,02+08=10,09,errado,803,"0,909091",,
SimUFSC 2022.1 - [Einstein Floripa] - Dia 1 [Espanhol],[Einstein Floripa] - SimUFSC 2022.1 - Espanhol,Luiza Gaia da Silva,brasilcursinhos_luiza.gaia,25,02+04=06,22,errado,83,"0,909091",,
SimUFSC 2022.1 - [Einstein Floripa] - Dia 1 [Espanhol],[Einstein Floripa] - SimUFSC 2022.1 - Espanhol,Luiza Gaia da Silva,brasilcursinhos_luiza.gaia,26,04+02+01=07,05,errado,129,"0,909091",,
SimUFSC 2022.1 - [Einstein Floripa] - Dia 1 [Espanhol],[Einstein Floripa] - SimUFSC 2022.1 - Espanhol,Luiza Gaia da Silva,brasilcursinhos_luiza.gaia,27,,02,errado,21,"0,909092",,
SimUFSC 2022.1 - [Einstein Floripa] - Dia 1 [Espanhol],[Einstein Floripa] - SimUFSC 2022.1 - Espanhol,Luiza Gaia da Silva,brasilcursinhos_luiza.gaia,28,02+04+08=14,06,errado,87,"0,909092",,
SimUFSC 2022.1 - [Einstein Floripa] - Dia 1 [Espanhol],[Einstein Floripa] - SimUFSC 2022.1 - Espanhol,Luiza Gaia da Silva,brasilcursinhos_luiza.gaia,29,02+04=06,03,errado,967,"0,909092",,
SimUFSC 2022.1 - [Einstein Floripa] - Dia 1 [Espanhol],[Einstein Floripa] - SimUFSC 2022.1 - Espanhol,Luiza Gaia da Silva,brasilcursinhos_luiza.gaia,30,02+04+08=14,11,errado,64,"0,909093",,
SimUFSC 2022.1 - [Einstein Floripa] - Dia 1 [Espanhol],[Einstein Floripa] - SimUFSC 2022.1 - Espanhol,Luiza Gaia da Silva,brasilcursinhos_luiza.gaia,31,02+04+16=22,10,errado,142,"0,909095",,
SimUFSC 2022.1 - [Einstein Floripa] - Dia 1 [Espanhol],[Einstein Floripa] - SimUFSC 2022.1 - Espanhol,Luiza Gaia da Silva,brasilcursinhos_luiza.gaia,32,02+16=18,18,errado,465,"0,90909",,
SimUFSC 2022.1 - [Einstein Floripa] - Dia 1 [Espanhol],[Einstein Floripa] - SimUFSC 2022.1 - Espanhol,Luiza Gaia da Silva,brasilcursinhos_luiza.gaia,33,02+16+04=22,29,errado,936,1,,
SimUFSC 2022.1 - [Einstein Floripa] - Dia 1 [Espanhol],[Einstein Floripa] - SimUFSC 2022.1 - Espanhol,Luiza Gaia da Silva,brasilcursinhos_luiza.gaia,34,02+04+16=22,52,errado,163,1,,
SimUFSC 2022.1 - [Einstein Floripa] - Dia 1 [Espanhol],[Einstein Floripa] - SimUFSC 2022.1 - Espanhol,Luiza Gaia da Silva,brasilcursinhos_luiza.gaia,35,02+04+16=22,54,errado,312,1,,
SimUFSC 2022.1 - [Einstein Floripa] - Dia 1 [Espanhol],[Einstein Floripa] - SimUFSC 2022.1 - Espanhol,Luiza Gaia da Silva,brasilcursinhos_luiza.gaia,36,02+04+08=14,75,errado,157,1,,
SimUFSC 2022.1 - [Einstein Floripa] - Dia 1 [Espanhol],[Einstein Floripa] - SimUFSC 2022.1 - Espanhol,Luiza Gaia da Silva,brasilcursinhos_luiza.gaia,37,01+02+16=19,35,errado,347,1,,
SimUFSC 2022.1 - [Einstein Floripa] - Dia 1 [Espanhol],[Einstein Floripa] - SimUFSC 2022.1 - Espanhol,Luiza Gaia da Silva,brasilcursinhos_luiza.gaia,38,04+16=20,36,errado,298,1,,
SimUFSC 2022.1 - [Einstein Floripa] - Dia 1 [Espanhol],[Einstein Floripa] - SimUFSC 2022.1 - Espanhol,Luiza Gaia da Silva,brasilcursinhos_luiza.gaia,39,08,8,errado,102,1,,
SimUFSC 2022.1 - [Einstein Floripa] - Dia 1 [Espanhol],[Einstein Floripa] - SimUFSC 2022.1 - Espanhol,Luiza Gaia da Silva,brasilcursinhos_luiza.gaia,40,01+04=05,27,errado,204,1,,
SimUFSC 2022.1 - [Einstein Floripa] - Dia 1 [Espanhol],[Einstein Floripa] - SimUFSC 2022.1 - Espanhol,Luiza Gaia da Silva,brasilcursinhos_luiza.gaia,41,02+08=10,15,errado,279,1,,
SimUFSC 2022.1 - [Einstein Floripa] - Dia 1 [Espanhol],[Einstein Floripa] - SimUFSC 2022.1 - Espanhol,Luiza Gaia da Silva,brasilcursinhos_luiza.gaia,42,02+16+32+64=114,55,errado,469,1,,
SimUFSC 2022.1 - [Einstein Floripa] - Dia 1 [Espanhol],[Einstein Floripa] - SimUFSC 2022.1 - Espanhol,María Clara Silva,brasilcursinhos_maria.clara,1,02,50,errado,392,"0,769231",,
SimUFSC 2022.1 - [Einstein Floripa] - Dia 1 [Espanhol],[Einstein Floripa] - SimUFSC 2022.1 - Espanhol,María Clara Silva,brasilcursinhos_maria.clara,2,05,13,errado,315,"0,769231",,
SimUFSC 2022.1 - [Einstein Floripa] - Dia 1 [Espanhol],[Einstein Floripa] - SimUFSC 2022.1 - Espanhol,María Clara Silva,brasilcursinhos_maria.clara,3,04,12,errado,147,"0,769231",,
SimUFSC 2022.1 - [Einstein Floripa] - Dia 1 [Espanhol],[Einstein Floripa] - SimUFSC 2022.1 - Espanhol,María Clara Silva,brasilcursinhos_maria.clara,4,17,22,errado,335,"0,769231",,
SimUFSC 2022.1 - [Einstein Floripa] - Dia 1 [Espanhol],[Einstein Floripa] - SimUFSC 2022.1 - Espanhol,María Clara Silva,brasilcursinhos_maria.clara,5,04,17,errado,138,"0,769231",,
SimUFSC 2022.1 - [Einstein Floripa] - Dia 1 [Espanhol],[Einstein Floripa] - SimUFSC 2022.1 - Espanhol,María Clara Silva,brasilcursinhos_maria.clara,6,13,15,errado,157,"0,769231",,
SimUFSC 2022.1 - [Einstein Floripa] - Dia 1 [Espanhol],[Einstein Floripa] - SimUFSC 2022.1 - Espanhol,María Clara Silva,brasilcursinhos_maria.clara,7,16,22,errado,350,"0,769231",,
SimUFSC 2022.1 - [Einstein Floripa] - Dia 1 [Espanhol],[Einstein Floripa] - SimUFSC 2022.1 - Espanhol,María Clara Silva,brasilcursinhos_maria.clara,8,02,6,errado,96,"0,769232",,
SimUFSC 2022.1 - [Einstein Floripa] - Dia 1 [Espanhol],[Einstein Floripa] - SimUFSC 2022.1 - Espanhol,María Clara Silva,brasilcursinhos_maria.clara,9,05,5,errado,120,"0,769232",,
SimUFSC 2022.1 - [Einstein Floripa] - Dia 1 [Espanhol],[Einstein Floripa] - SimUFSC 2022.1 - Espanhol,María Clara Silva,brasilcursinhos_maria.clara,10,08,14,errado,193,"0,769232",,
SimUFSC 2022.1 - [Einstein Floripa] - Dia 1 [Espanhol],[Einstein Floripa] - SimUFSC 2022.1 - Espanhol,María Clara Silva,brasilcursinhos_maria.clara,11,04,7,errado,207,"0,769233",,
SimUFSC 2022.1 - [Einstein Floripa] - Dia 1 [Espanhol],[Einstein Floripa] - SimUFSC 2022.1 - Espanhol,María Clara Silva,brasilcursinhos_maria.clara,12,01,1,errado,184,"0,769235",,
SimUFSC 2022.1 - [Einstein Floripa] - Dia 1 [Espanhol],[Einstein Floripa] - SimUFSC 2022.1 - Espanhol,María Clara Silva,brasilcursinhos_maria.clara,13,08,12,errado,163,"0,76924",,
SimUFSC 2022.1 - [Einstein Floripa] - Dia 1 [Espanhol],[Einstein Floripa] - SimUFSC 2022.1 - Espanhol,María Clara Silva,brasilcursinhos_maria.clara,14,09,12,errado,432,"1,25",,
SimUFSC 2022.1 - [Einstein Floripa] - Dia 1 [Espanhol],[Einstein Floripa] - SimUFSC 2022.1 - Espanhol,María Clara Silva,brasilcursinhos_maria.clara,15,04,04,certo,141,"1,25",,
SimUFSC 2022.1 - [Einstein Floripa] - Dia 1 [Espanhol],[Einstein Floripa] - SimUFSC 2022.1 - Espanhol,María Clara Silva,brasilcursinhos_maria.clara,16,09,03,errado,136,"1,25",,
SimUFSC 2022.1 - [Einstein Floripa] - Dia 1 [Espanhol],[Einstein Floripa] - SimUFSC 2022.1 - Espanhol,María Clara Silva,brasilcursinhos_maria.clara,17,05,9,errado,202,"1,25",,
SimUFSC 2022.1 - [Einstein Floripa] - Dia 1 [Espanhol],[Einstein Floripa] - SimUFSC 2022.1 - Espanhol,María Clara Silva,brasilcursinhos_maria.clara,18,03,03,certo,256,"1,25",,
SimUFSC 2022.1 - [Einstein Floripa] - Dia 1 [Espanhol],[Einstein Floripa] - SimUFSC 2022.1 - Espanhol,María Clara Silva,brasilcursinhos_maria.clara,19,04,20,errado,86,"1,25",,
SimUFSC 2022.1 - [Einstein Floripa] - Dia 1 [Espanhol],[Einstein Floripa] - SimUFSC 2022.1 - Espanhol,María Clara Silva,brasilcursinhos_maria.clara,20,08,01,errado,194,"1,25",,
SimUFSC 2022.1 - [Einstein Floripa] - Dia 1 [Espanhol],[Einstein Floripa] - SimUFSC 2022.1 - Espanhol,María Clara Silva,brasilcursinhos_maria.clara,21,07,38,errado,99,"1,25",,
SimUFSC 2022.1 - [Einstein Floripa] - Dia 1 [Espanhol],[Einstein Floripa] - SimUFSC 2022.1 - Espanhol,María Clara Silva,brasilcursinhos_maria.clara,22,"<p><span style=""font-size: 12pt;"">ok</span></p>",,não corrigido,61,"0,909091",,
SimUFSC 2022.1 - [Einstein Floripa] - Dia 1 [Espanhol],[Einstein Floripa] - SimUFSC 2022.1 - Espanhol,María Clara Silva,brasilcursinhos_maria.clara,23,02,10,errado,714,"0,909091",,
SimUFSC 2022.1 - [Einstein Floripa] - Dia 1 [Espanhol],[Einstein Floripa] - SimUFSC 2022.1 - Espanhol,María Clara Silva,brasilcursinhos_maria.clara,24,12,09,errado,517,"0,909091",,
SimUFSC 2022.1 - [Einstein Floripa] - Dia 1 [Espanhol],[Einstein Floripa] - SimUFSC 2022.1 - Espanhol,María Clara Silva,brasilcursinhos_maria.clara,25,17,22,errado,138,"0,909091",,
SimUFSC 2022.1 - [Einstein Floripa] - Dia 1 [Espanhol],[Einstein Floripa] - SimUFSC 2022.1 - Espanhol,María Clara Silva,brasilcursinhos_maria.clara,26,05,05,certo,370,"0,909091",,
SimUFSC 2022.1 - [Einstein Floripa] - Dia 1 [Espanhol],[Einstein Floripa] - SimUFSC 2022.1 - Espanhol,María Clara Silva,brasilcursinhos_maria.clara,27,,02,errado,355,"0,909092",,
SimUFSC 2022.1 - [Einstein Floripa] - Dia 1 [Espanhol],[Einstein Floripa] - SimUFSC 2022.1 - Espanhol,María Clara Silva,brasilcursinhos_maria.clara,28,08,06,errado,233,"0,909092",,
SimUFSC 2022.1 - [Einstein Floripa] - Dia 1 [Espanhol],[Einstein Floripa] - SimUFSC 2022.1 - Espanhol,María Clara Silva,brasilcursinhos_maria.clara,29,09,03,errado,367,"0,909092",,
SimUFSC 2022.1 - [Einstein Floripa] - Dia 1 [Espanhol],[Einstein Floripa] - SimUFSC 2022.1 - Espanhol,María Clara Silva,brasilcursinhos_maria.clara,30,03,11,errado,378,"0,909093",,
SimUFSC 2022.1 - [Einstein Floripa] - Dia 1 [Espanhol],[Einstein Floripa] - SimUFSC 2022.1 - Espanhol,María Clara Silva,brasilcursinhos_maria.clara,31,06,10,errado,123,"0,909095",,
SimUFSC 2022.1 - [Einstein Floripa] - Dia 1 [Espanhol],[Einstein Floripa] - SimUFSC 2022.1 - Espanhol,María Clara Silva,brasilcursinhos_maria.clara,32,24,18,errado,428,"0,90909",,
SimUFSC 2022.1 - [Einstein Floripa] - Dia 1 [Espanhol],[Einstein Floripa] - SimUFSC 2022.1 - Espanhol,María Clara Silva,brasilcursinhos_maria.clara,33,05,29,errado,291,1,,
SimUFSC 2022.1 - [Einstein Floripa] - Dia 1 [Espanhol],[Einstein Floripa] - SimUFSC 2022.1 - Espanhol,María Clara Silva,brasilcursinhos_maria.clara,34,14,52,errado,195,1,,
SimUFSC 2022.1 - [Einstein Floripa] - Dia 1 [Espanhol],[Einstein Floripa] - SimUFSC 2022.1 - Espanhol,María Clara Silva,brasilcursinhos_maria.clara,35,03,54,errado,278,1,,
SimUFSC 2022.1 - [Einstein Floripa] - Dia 1 [Espanhol],[Einstein Floripa] - SimUFSC 2022.1 - Espanhol,María Clara Silva,brasilcursinhos_maria.clara,36,21,75,errado,177,1,,
SimUFSC 2022.1 - [Einstein Floripa] - Dia 1 [Espanhol],[Einstein Floripa] - SimUFSC 2022.1 - Espanhol,María Clara Silva,brasilcursinhos_maria.clara,37,19,35,errado,303,1,,
SimUFSC 2022.1 - [Einstein Floripa] - Dia 1 [Espanhol],[Einstein Floripa] - SimUFSC 2022.1 - Espanhol,María Clara Silva,brasilcursinhos_maria.clara,38,16,36,errado,263,1,,
SimUFSC 2022.1 - [Einstein Floripa] - Dia 1 [Espanhol],[Einstein Floripa] - SimUFSC 2022.1 - Espanhol,María Clara Silva,brasilcursinhos_maria.clara,39,04,8,errado,209,1,,
SimUFSC 2022.1 - [Einstein Floripa] - Dia 1 [Espanhol],[Einstein Floripa] - SimUFSC 2022.1 - Espanhol,María Clara Silva,brasilcursinhos_maria.clara,40,27,27,certo,253,1,,
SimUFSC 2022.1 - [Einstein Floripa] - Dia 1 [Espanhol],[Einstein Floripa] - SimUFSC 2022.1 - Espanhol,María Clara Silva,brasilcursinhos_maria.clara,41,04,15,errado,187,1,,
SimUFSC 2022.1 - [Einstein Floripa] - Dia 1 [Espanhol],[Einstein Floripa] - SimUFSC 2022.1 - Espanhol,María Clara Silva,brasilcursinhos_maria.clara,42,23,55,errado,240,1,,
SimUFSC 2022.1 - [Einstein Floripa] - Dia 1 [Espanhol],[Einstein Floripa] - SimUFSC 2022.1 - Espanhol,Thayssa Rodrigues de Almeida,brasilcursinhos_thayssa.rodrigues,1,42,50,errado,190,"0,769231",,
SimUFSC 2022.1 - [Einstein Floripa] - Dia 1 [Espanhol],[Einstein Floripa] - SimUFSC 2022.1 - Espanhol,Thayssa Rodrigues de Almeida,brasilcursinhos_thayssa.rodrigues,2,13,13,certo,239,"0,769231",,
SimUFSC 2022.1 - [Einstein Floripa] - Dia 1 [Espanhol],[Einstein Floripa] - SimUFSC 2022.1 - Espanhol,Thayssa Rodrigues de Almeida,brasilcursinhos_thayssa.rodrigues,3,21,12,errado,115,"0,769231",,
SimUFSC 2022.1 - [Einstein Floripa] - Dia 1 [Espanhol],[Einstein Floripa] - SimUFSC 2022.1 - Espanhol,Thayssa Rodrigues de Almeida,brasilcursinhos_thayssa.rodrigues,4,23,22,errado,311,"0,769231",,
SimUFSC 2022.1 - [Einstein Floripa] - Dia 1 [Espanhol],[Einstein Floripa] - SimUFSC 2022.1 - Espanhol,Thayssa Rodrigues de Almeida,brasilcursinhos_thayssa.rodrigues,5,49,17,errado,189,"0,769231",,
SimUFSC 2022.1 - [Einstein Floripa] - Dia 1 [Espanhol],[Einstein Floripa] - SimUFSC 2022.1 - Espanhol,Thayssa Rodrigues de Almeida,brasilcursinhos_thayssa.rodrigues,6,15,15,certo,187,"0,769231",,
SimUFSC 2022.1 - [Einstein Floripa] - Dia 1 [Espanhol],[Einstein Floripa] - SimUFSC 2022.1 - Espanhol,Thayssa Rodrigues de Almeida,brasilcursinhos_thayssa.rodrigues,7,5,22,errado,318,"0,769231",,
SimUFSC 2022.1 - [Einstein Floripa] - Dia 1 [Espanhol],[Einstein Floripa] - SimUFSC 2022.1 - Espanhol,Thayssa Rodrigues de Almeida,brasilcursinhos_thayssa.rodrigues,8,7,6,errado,212,"0,769232",,
SimUFSC 2022.1 - [Einstein Floripa] - Dia 1 [Espanhol],[Einstein Floripa] - SimUFSC 2022.1 - Espanhol,Thayssa Rodrigues de Almeida,brasilcursinhos_thayssa.rodrigues,9,5,5,certo,43,"0,769232",,
SimUFSC 2022.1 - [Einstein Floripa] - Dia 1 [Espanhol],[Einstein Floripa] - SimUFSC 2022.1 - Espanhol,Thayssa Rodrigues de Almeida,brasilcursinhos_thayssa.rodrigues,10,9,14,errado,364,"0,769232",,
SimUFSC 2022.1 - [Einstein Floripa] - Dia 1 [Espanhol],[Einstein Floripa] - SimUFSC 2022.1 - Espanhol,Thayssa Rodrigues de Almeida,brasilcursinhos_thayssa.rodrigues,11,11,7,errado,310,"0,769233",,
SimUFSC 2022.1 - [Einstein Floripa] - Dia 1 [Espanhol],[Einstein Floripa] - SimUFSC 2022.1 - Espanhol,Thayssa Rodrigues de Almeida,brasilcursinhos_thayssa.rodrigues,12,5,1,errado,255,"0,769235",,
SimUFSC 2022.1 - [Einstein Floripa] - Dia 1 [Espanhol],[Einstein Floripa] - SimUFSC 2022.1 - Espanhol,Thayssa Rodrigues de Almeida,brasilcursinhos_thayssa.rodrigues,13,4,12,errado,238,"0,76924",,
SimUFSC 2022.1 - [Einstein Floripa] - Dia 1 [Espanhol],[Einstein Floripa] - SimUFSC 2022.1 - Espanhol,Thayssa Rodrigues de Almeida,brasilcursinhos_thayssa.rodrigues,14,12,12,certo,167,"1,25",,
SimUFSC 2022.1 - [Einstein Floripa] - Dia 1 [Espanhol],[Einstein Floripa] - SimUFSC 2022.1 - Espanhol,Thayssa Rodrigues de Almeida,brasilcursinhos_thayssa.rodrigues,15,4,04,errado,73,"1,25",,
SimUFSC 2022.1 - [Einstein Floripa] - Dia 1 [Espanhol],[Einstein Floripa] - SimUFSC 2022.1 - Espanhol,Thayssa Rodrigues de Almeida,brasilcursinhos_thayssa.rodrigues,16,1,03,errado,147,"1,25",,
SimUFSC 2022.1 - [Einstein Floripa] - Dia 1 [Espanhol],[Einstein Floripa] - SimUFSC 2022.1 - Espanhol,Thayssa Rodrigues de Almeida,brasilcursinhos_thayssa.rodrigues,17,9,9,certo,164,"1,25",,
SimUFSC 2022.1 - [Einstein Floripa] - Dia 1 [Espanhol],[Einstein Floripa] - SimUFSC 2022.1 - Espanhol,Thayssa Rodrigues de Almeida,brasilcursinhos_thayssa.rodrigues,18,3,03,errado,287,"1,25",,
SimUFSC 2022.1 - [Einstein Floripa] - Dia 1 [Espanhol],[Einstein Floripa] - SimUFSC 2022.1 - Espanhol,Thayssa Rodrigues de Almeida,brasilcursinhos_thayssa.rodrigues,19,4,20,errado,108,"1,25",,
SimUFSC 2022.1 - [Einstein Floripa] - Dia 1 [Espanhol],[Einstein Floripa] - SimUFSC 2022.1 - Espanhol,Thayssa Rodrigues de Almeida,brasilcursinhos_thayssa.rodrigues,20,1,01,errado,200,"1,25",,
SimUFSC 2022.1 - [Einstein Floripa] - Dia 1 [Espanhol],[Einstein Floripa] - SimUFSC 2022.1 - Espanhol,Thayssa Rodrigues de Almeida,brasilcursinhos_thayssa.rodrigues,21,33,38,errado,352,"1,25",,
SimUFSC 2022.1 - [Einstein Floripa] - Dia 1 [Espanhol],[Einstein Floripa] - SimUFSC 2022.1 - Espanhol,Thayssa Rodrigues de Almeida,brasilcursinhos_thayssa.rodrigues,22,"<p><span style=""font-size: 12pt;""><span class=""ql-cursor"">﻿</span></span></p>",,não corrigido,104,"0,909091",,
SimUFSC 2022.1 - [Einstein Floripa] - Dia 1 [Espanhol],[Einstein Floripa] - SimUFSC 2022.1 - Espanhol,Thayssa Rodrigues de Almeida,brasilcursinhos_thayssa.rodrigues,23,12,10,errado,443,"0,909091",,
SimUFSC 2022.1 - [Einstein Floripa] - Dia 1 [Espanhol],[Einstein Floripa] - SimUFSC 2022.1 - Espanhol,Thayssa Rodrigues de Almeida,brasilcursinhos_thayssa.rodrigues,24,14,09,errado,130,"0,909091",,
SimUFSC 2022.1 - [Einstein Floripa] - Dia 1 [Espanhol],[Einstein Floripa] - SimUFSC 2022.1 - Espanhol,Thayssa Rodrigues de Almeida,brasilcursinhos_thayssa.rodrigues,25,26,22,errado,307,"0,909091",,
SimUFSC 2022.1 - [Einstein Floripa] - Dia 1 [Espanhol],[Einstein Floripa] - SimUFSC 2022.1 - Espanhol,Thayssa Rodrigues de Almeida,brasilcursinhos_thayssa.rodrigues,26,12,05,errado,418,"0,909091",,
SimUFSC 2022.1 - [Einstein Floripa] - Dia 1 [Espanhol],[Einstein Floripa] - SimUFSC 2022.1 - Espanhol,Thayssa Rodrigues de Almeida,brasilcursinhos_thayssa.rodrigues,27,,02,errado,99,"0,909092",,
SimUFSC 2022.1 - [Einstein Floripa] - Dia 1 [Espanhol],[Einstein Floripa] - SimUFSC 2022.1 - Espanhol,Thayssa Rodrigues de Almeida,brasilcursinhos_thayssa.rodrigues,28,6,06,errado,173,"0,909092",,
SimUFSC 2022.1 - [Einstein Floripa] - Dia 1 [Espanhol],[Einstein Floripa] - SimUFSC 2022.1 - Espanhol,Thayssa Rodrigues de Almeida,brasilcursinhos_thayssa.rodrigues,29,11,03,errado,174,"0,909092",,
SimUFSC 2022.1 - [Einstein Floripa] - Dia 1 [Espanhol],[Einstein Floripa] - SimUFSC 2022.1 - Espanhol,Thayssa Rodrigues de Almeida,brasilcursinhos_thayssa.rodrigues,30,6,11,errado,135,"0,909093",,
SimUFSC 2022.1 - [Einstein Floripa] - Dia 1 [Espanhol],[Einstein Floripa] - SimUFSC 2022.1 - Espanhol,Thayssa Rodrigues de Almeida,brasilcursinhos_thayssa.rodrigues,31,14,10,errado,26,"0,909095",,
SimUFSC 2022.1 - [Einstein Floripa] - Dia 1 [Espanhol],[Einstein Floripa] - SimUFSC 2022.1 - Espanhol,Thayssa Rodrigues de Almeida,brasilcursinhos_thayssa.rodrigues,32,24,18,errado,82,"0,90909",,
SimUFSC 2022.1 - [Einstein Floripa] - Dia 1 [Espanhol],[Einstein Floripa] - SimUFSC 2022.1 - Espanhol,Thayssa Rodrigues de Almeida,brasilcursinhos_thayssa.rodrigues,33,13,29,errado,676,1,,
SimUFSC 2022.1 - [Einstein Floripa] - Dia 1 [Espanhol],[Einstein Floripa] - SimUFSC 2022.1 - Espanhol,Thayssa Rodrigues de Almeida,brasilcursinhos_thayssa.rodrigues,34,16,52,errado,486,1,,
SimUFSC 2022.1 - [Einstein Floripa] - Dia 1 [Espanhol],[Einstein Floripa] - SimUFSC 2022.1 - Espanhol,Thayssa Rodrigues de Almeida,brasilcursinhos_thayssa.rodrigues,35,6,54,errado,227,1,,
SimUFSC 2022.1 - [Einstein Floripa] - Dia 1 [Espanhol],[Einstein Floripa] - SimUFSC 2022.1 - Espanhol,Thayssa Rodrigues de Almeida,brasilcursinhos_thayssa.rodrigues,36,52,75,errado,96,1,,
SimUFSC 2022.1 - [Einstein Floripa] - Dia 1 [Espanhol],[Einstein Floripa] - SimUFSC 2022.1 - Espanhol,Thayssa Rodrigues de Almeida,brasilcursinhos_thayssa.rodrigues,37,19,35,errado,63,1,,
SimUFSC 2022.1 - [Einstein Floripa] - Dia 1 [Espanhol],[Einstein Floripa] - SimUFSC 2022.1 - Espanhol,Thayssa Rodrigues de Almeida,brasilcursinhos_thayssa.rodrigues,38,20,36,errado,162,1,,
SimUFSC 2022.1 - [Einstein Floripa] - Dia 1 [Espanhol],[Einstein Floripa] - SimUFSC 2022.1 - Espanhol,Thayssa Rodrigues de Almeida,brasilcursinhos_thayssa.rodrigues,39,18,8,errado,149,1,,
SimUFSC 2022.1 - [Einstein Floripa] - Dia 1 [Espanhol],[Einstein Floripa] - SimUFSC 2022.1 - Espanhol,Thayssa Rodrigues de Almeida,brasilcursinhos_thayssa.rodrigues,40,11,27,errado,33,1,,
SimUFSC 2022.1 - [Einstein Floripa] - Dia 1 [Espanhol],[Einstein Floripa] - SimUFSC 2022.1 - Espanhol,Thayssa Rodrigues de Almeida,brasilcursinhos_thayssa.rodrigues,41,14,15,errado,34,1,,
SimUFSC 2022.1 - [Einstein Floripa] - Dia 1 [Espanhol],[Einstein Floripa] - SimUFSC 2022.1 - Espanhol,Thayssa Rodrigues de Almeida,brasilcursinhos_thayssa.rodrigues,42,12,55,errado,21,1,,
