atividade_nome,turma,aluno_nome,aluno_login,num_exercicio,resp_aluno,gabarito,certo_ou_errado,tempo_no_exercicio(s),valor_do_exercicio,nota_professores,feedback_professores
SimUFSC 2022.1 - [Einstein Floripa] - Dia 1 [Inglês] - AE,[Einstein Floripa] - SimUFSC 2022.1 (AE - Inglês),Ana Clara Callado Chaplin,brasilcursinhos_ana.clara,1,34,50,errado,247,"0,769231",,
SimUFSC 2022.1 - [Einstein Floripa] - Dia 1 [Inglês] - AE,[Einstein Floripa] - SimUFSC 2022.1 (AE - Inglês),Ana Clara Callado Chaplin,brasilcursinhos_ana.clara,2,05,13,errado,315,"0,769231",,
SimUFSC 2022.1 - [Einstein Floripa] - Dia 1 [Inglês] - AE,[Einstein Floripa] - SimUFSC 2022.1 (AE - Inglês),Ana Clara Callado Chaplin,brasilcursinhos_ana.clara,3,04,12,errado,127,"0,769231",,
SimUFSC 2022.1 - [Einstein Floripa] - Dia 1 [Inglês] - AE,[Einstein Floripa] - SimUFSC 2022.1 (AE - Inglês),Ana Clara Callado Chaplin,brasilcursinhos_ana.clara,4,21,22,errado,373,"0,769231",,
SimUFSC 2022.1 - [Einstein Floripa] - Dia 1 [Inglês] - AE,[Einstein Floripa] - SimUFSC 2022.1 (AE - Inglês),Ana Clara Callado Chaplin,brasilcursinhos_ana.clara,5,49,17,errado,183,"0,769231",,
SimUFSC 2022.1 - [Einstein Floripa] - Dia 1 [Inglês] - AE,[Einstein Floripa] - SimUFSC 2022.1 (AE - Inglês),Ana Clara Callado Chaplin,brasilcursinhos_ana.clara,6,13,15,errado,176,"0,769231",,
SimUFSC 2022.1 - [Einstein Floripa] - Dia 1 [Inglês] - AE,[Einstein Floripa] - SimUFSC 2022.1 (AE - Inglês),Ana Clara Callado Chaplin,brasilcursinhos_ana.clara,7,05,22,errado,399,"0,769231",,
SimUFSC 2022.1 - [Einstein Floripa] - Dia 1 [Inglês] - AE,[Einstein Floripa] - SimUFSC 2022.1 (AE - Inglês),Ana Clara Callado Chaplin,brasilcursinhos_ana.clara,8,06,6,errado,114,"0,769232",,
SimUFSC 2022.1 - [Einstein Floripa] - Dia 1 [Inglês] - AE,[Einstein Floripa] - SimUFSC 2022.1 (AE - Inglês),Ana Clara Callado Chaplin,brasilcursinhos_ana.clara,9,05,5,errado,48,"0,769232",,
SimUFSC 2022.1 - [Einstein Floripa] - Dia 1 [Inglês] - AE,[Einstein Floripa] - SimUFSC 2022.1 (AE - Inglês),Ana Clara Callado Chaplin,brasilcursinhos_ana.clara,10,13,14,errado,271,"0,769232",,
SimUFSC 2022.1 - [Einstein Floripa] - Dia 1 [Inglês] - AE,[Einstein Floripa] - SimUFSC 2022.1 (AE - Inglês),Ana Clara Callado Chaplin,brasilcursinhos_ana.clara,11,07,7,errado,139,"0,769233",,
SimUFSC 2022.1 - [Einstein Floripa] - Dia 1 [Inglês] - AE,[Einstein Floripa] - SimUFSC 2022.1 (AE - Inglês),Ana Clara Callado Chaplin,brasilcursinhos_ana.clara,12,09,1,errado,854,"0,769235",,
SimUFSC 2022.1 - [Einstein Floripa] - Dia 1 [Inglês] - AE,[Einstein Floripa] - SimUFSC 2022.1 (AE - Inglês),Ana Clara Callado Chaplin,brasilcursinhos_ana.clara,13,37,12,errado,268,"0,76924",,
SimUFSC 2022.1 - [Einstein Floripa] - Dia 1 [Inglês] - AE,[Einstein Floripa] - SimUFSC 2022.1 (AE - Inglês),Ana Clara Callado Chaplin,brasilcursinhos_ana.clara,14,33,44.,errado,406,"1,25",,
SimUFSC 2022.1 - [Einstein Floripa] - Dia 1 [Inglês] - AE,[Einstein Floripa] - SimUFSC 2022.1 (AE - Inglês),Ana Clara Callado Chaplin,brasilcursinhos_ana.clara,15,02,46.,errado,187,"1,25",,
SimUFSC 2022.1 - [Einstein Floripa] - Dia 1 [Inglês] - AE,[Einstein Floripa] - SimUFSC 2022.1 (AE - Inglês),Ana Clara Callado Chaplin,brasilcursinhos_ana.clara,16,03,07.,errado,291,"1,25",,
SimUFSC 2022.1 - [Einstein Floripa] - Dia 1 [Inglês] - AE,[Einstein Floripa] - SimUFSC 2022.1 (AE - Inglês),Ana Clara Callado Chaplin,brasilcursinhos_ana.clara,17,32,12.,errado,91,"1,25",,
SimUFSC 2022.1 - [Einstein Floripa] - Dia 1 [Inglês] - AE,[Einstein Floripa] - SimUFSC 2022.1 (AE - Inglês),Ana Clara Callado Chaplin,brasilcursinhos_ana.clara,18,04,02.,errado,130,"1,25",,
SimUFSC 2022.1 - [Einstein Floripa] - Dia 1 [Inglês] - AE,[Einstein Floripa] - SimUFSC 2022.1 (AE - Inglês),Ana Clara Callado Chaplin,brasilcursinhos_ana.clara,19,46,51.,errado,296,"1,25",,
SimUFSC 2022.1 - [Einstein Floripa] - Dia 1 [Inglês] - AE,[Einstein Floripa] - SimUFSC 2022.1 (AE - Inglês),Ana Clara Callado Chaplin,brasilcursinhos_ana.clara,20,03,12.,errado,170,"1,25",,
SimUFSC 2022.1 - [Einstein Floripa] - Dia 1 [Inglês] - AE,[Einstein Floripa] - SimUFSC 2022.1 (AE - Inglês),Ana Clara Callado Chaplin,brasilcursinhos_ana.clara,21,18,27.,errado,389,"1,25",,
SimUFSC 2022.1 - [Einstein Floripa] - Dia 1 [Inglês] - AE,[Einstein Floripa] - SimUFSC 2022.1 (AE - Inglês),Ana Clara Callado Chaplin,brasilcursinhos_ana.clara,22,"<p><span style=""font-size: 12pt;"">﻿ok</span></p>",,não corrigido,63,"0,909091",,
SimUFSC 2022.1 - [Einstein Floripa] - Dia 1 [Inglês] - AE,[Einstein Floripa] - SimUFSC 2022.1 (AE - Inglês),Ana Clara Callado Chaplin,brasilcursinhos_ana.clara,23,22,10,errado,91,"0,909091",,
SimUFSC 2022.1 - [Einstein Floripa] - Dia 1 [Inglês] - AE,[Einstein Floripa] - SimUFSC 2022.1 (AE - Inglês),Ana Clara Callado Chaplin,brasilcursinhos_ana.clara,24,06,09,errado,1175,"0,909091",,
SimUFSC 2022.1 - [Einstein Floripa] - Dia 1 [Inglês] - AE,[Einstein Floripa] - SimUFSC 2022.1 (AE - Inglês),Ana Clara Callado Chaplin,brasilcursinhos_ana.clara,25,28,22,errado,27,"0,909091",,
SimUFSC 2022.1 - [Einstein Floripa] - Dia 1 [Inglês] - AE,[Einstein Floripa] - SimUFSC 2022.1 (AE - Inglês),Ana Clara Callado Chaplin,brasilcursinhos_ana.clara,26,05,05,certo,122,"0,909091",,
SimUFSC 2022.1 - [Einstein Floripa] - Dia 1 [Inglês] - AE,[Einstein Floripa] - SimUFSC 2022.1 (AE - Inglês),Ana Clara Callado Chaplin,brasilcursinhos_ana.clara,27,,02,errado,57,"0,909092",,
SimUFSC 2022.1 - [Einstein Floripa] - Dia 1 [Inglês] - AE,[Einstein Floripa] - SimUFSC 2022.1 (AE - Inglês),Ana Clara Callado Chaplin,brasilcursinhos_ana.clara,28,13,06,errado,50,"0,909092",,
SimUFSC 2022.1 - [Einstein Floripa] - Dia 1 [Inglês] - AE,[Einstein Floripa] - SimUFSC 2022.1 (AE - Inglês),Ana Clara Callado Chaplin,brasilcursinhos_ana.clara,29,18,03,errado,37,"0,909092",,
SimUFSC 2022.1 - [Einstein Floripa] - Dia 1 [Inglês] - AE,[Einstein Floripa] - SimUFSC 2022.1 (AE - Inglês),Ana Clara Callado Chaplin,brasilcursinhos_ana.clara,30,11,11,certo,64,"0,909093",,
SimUFSC 2022.1 - [Einstein Floripa] - Dia 1 [Inglês] - AE,[Einstein Floripa] - SimUFSC 2022.1 (AE - Inglês),Ana Clara Callado Chaplin,brasilcursinhos_ana.clara,31,09,10,errado,94,"0,909095",,
SimUFSC 2022.1 - [Einstein Floripa] - Dia 1 [Inglês] - AE,[Einstein Floripa] - SimUFSC 2022.1 (AE - Inglês),Ana Clara Callado Chaplin,brasilcursinhos_ana.clara,32,12,18,errado,42,"0,90909",,
SimUFSC 2022.1 - [Einstein Floripa] - Dia 1 [Inglês] - AE,[Einstein Floripa] - SimUFSC 2022.1 (AE - Inglês),Ana Clara Callado Chaplin,brasilcursinhos_ana.clara,33,44,29,errado,314,1,,
SimUFSC 2022.1 - [Einstein Floripa] - Dia 1 [Inglês] - AE,[Einstein Floripa] - SimUFSC 2022.1 (AE - Inglês),Ana Clara Callado Chaplin,brasilcursinhos_ana.clara,34,22,52,errado,217,1,,
SimUFSC 2022.1 - [Einstein Floripa] - Dia 1 [Inglês] - AE,[Einstein Floripa] - SimUFSC 2022.1 (AE - Inglês),Ana Clara Callado Chaplin,brasilcursinhos_ana.clara,35,54,54,certo,623,1,,
SimUFSC 2022.1 - [Einstein Floripa] - Dia 1 [Inglês] - AE,[Einstein Floripa] - SimUFSC 2022.1 (AE - Inglês),Ana Clara Callado Chaplin,brasilcursinhos_ana.clara,36,28,75,errado,581,1,,
SimUFSC 2022.1 - [Einstein Floripa] - Dia 1 [Inglês] - AE,[Einstein Floripa] - SimUFSC 2022.1 (AE - Inglês),Ana Clara Callado Chaplin,brasilcursinhos_ana.clara,37,55,35,errado,440,1,,
SimUFSC 2022.1 - [Einstein Floripa] - Dia 1 [Inglês] - AE,[Einstein Floripa] - SimUFSC 2022.1 (AE - Inglês),Ana Clara Callado Chaplin,brasilcursinhos_ana.clara,38,48,36,errado,471,1,,
SimUFSC 2022.1 - [Einstein Floripa] - Dia 1 [Inglês] - AE,[Einstein Floripa] - SimUFSC 2022.1 (AE - Inglês),Ana Clara Callado Chaplin,brasilcursinhos_ana.clara,39,08,8,errado,60,1,,
SimUFSC 2022.1 - [Einstein Floripa] - Dia 1 [Inglês] - AE,[Einstein Floripa] - SimUFSC 2022.1 (AE - Inglês),Ana Clara Callado Chaplin,brasilcursinhos_ana.clara,40,31,27,errado,358,1,,
SimUFSC 2022.1 - [Einstein Floripa] - Dia 1 [Inglês] - AE,[Einstein Floripa] - SimUFSC 2022.1 (AE - Inglês),Ana Clara Callado Chaplin,brasilcursinhos_ana.clara,41,14,15,errado,218,1,,
SimUFSC 2022.1 - [Einstein Floripa] - Dia 1 [Inglês] - AE,[Einstein Floripa] - SimUFSC 2022.1 (AE - Inglês),Ana Clara Callado Chaplin,brasilcursinhos_ana.clara,42,50,55,errado,115,1,,
SimUFSC 2022.1 - [Einstein Floripa] - Dia 1 [Inglês] - AE,[Einstein Floripa] - SimUFSC 2022.1 (AE - Inglês),Isabella Pacheco Silveira,brasilcursinhos_isabella.pacheco,1,34,50,errado,571,"0,769231",,
SimUFSC 2022.1 - [Einstein Floripa] - Dia 1 [Inglês] - AE,[Einstein Floripa] - SimUFSC 2022.1 (AE - Inglês),Isabella Pacheco Silveira,brasilcursinhos_isabella.pacheco,2,01,13,errado,199,"0,769231",,
SimUFSC 2022.1 - [Einstein Floripa] - Dia 1 [Inglês] - AE,[Einstein Floripa] - SimUFSC 2022.1 (AE - Inglês),Isabella Pacheco Silveira,brasilcursinhos_isabella.pacheco,3,10,12,errado,293,"0,769231",,
SimUFSC 2022.1 - [Einstein Floripa] - Dia 1 [Inglês] - AE,[Einstein Floripa] - SimUFSC 2022.1 (AE - Inglês),Isabella Pacheco Silveira,brasilcursinhos_isabella.pacheco,4,06,22,errado,259,"0,769231",,
SimUFSC 2022.1 - [Einstein Floripa] - Dia 1 [Inglês] - AE,[Einstein Floripa] - SimUFSC 2022.1 (AE - Inglês),Isabella Pacheco Silveira,brasilcursinhos_isabella.pacheco,5,17,17,certo,73,"0,769231",,
SimUFSC 2022.1 - [Einstein Floripa] - Dia 1 [Inglês] - AE,[Einstein Floripa] - SimUFSC 2022.1 (AE - Inglês),Isabella Pacheco Silveira,brasilcursinhos_isabella.pacheco,6,11,15,errado,76,"0,769231",,
SimUFSC 2022.1 - [Einstein Floripa] - Dia 1 [Inglês] - AE,[Einstein Floripa] - SimUFSC 2022.1 (AE - Inglês),Isabella Pacheco Silveira,brasilcursinhos_isabella.pacheco,7,16,22,errado,281,"0,769231",,
SimUFSC 2022.1 - [Einstein Floripa] - Dia 1 [Inglês] - AE,[Einstein Floripa] - SimUFSC 2022.1 (AE - Inglês),Isabella Pacheco Silveira,brasilcursinhos_isabella.pacheco,8,06,6,errado,59,"0,769232",,
SimUFSC 2022.1 - [Einstein Floripa] - Dia 1 [Inglês] - AE,[Einstein Floripa] - SimUFSC 2022.1 (AE - Inglês),Isabella Pacheco Silveira,brasilcursinhos_isabella.pacheco,9,04,5,errado,81,"0,769232",,
SimUFSC 2022.1 - [Einstein Floripa] - Dia 1 [Inglês] - AE,[Einstein Floripa] - SimUFSC 2022.1 (AE - Inglês),Isabella Pacheco Silveira,brasilcursinhos_isabella.pacheco,10,12,14,errado,105,"0,769232",,
SimUFSC 2022.1 - [Einstein Floripa] - Dia 1 [Inglês] - AE,[Einstein Floripa] - SimUFSC 2022.1 (AE - Inglês),Isabella Pacheco Silveira,brasilcursinhos_isabella.pacheco,11,05,7,errado,162,"0,769233",,
SimUFSC 2022.1 - [Einstein Floripa] - Dia 1 [Inglês] - AE,[Einstein Floripa] - SimUFSC 2022.1 (AE - Inglês),Isabella Pacheco Silveira,brasilcursinhos_isabella.pacheco,12,01,1,errado,99,"0,769235",,
SimUFSC 2022.1 - [Einstein Floripa] - Dia 1 [Inglês] - AE,[Einstein Floripa] - SimUFSC 2022.1 (AE - Inglês),Isabella Pacheco Silveira,brasilcursinhos_isabella.pacheco,13,04,12,errado,108,"0,76924",,
SimUFSC 2022.1 - [Einstein Floripa] - Dia 1 [Inglês] - AE,[Einstein Floripa] - SimUFSC 2022.1 (AE - Inglês),Isabella Pacheco Silveira,brasilcursinhos_isabella.pacheco,14,06,44.,errado,107,"1,25",,
SimUFSC 2022.1 - [Einstein Floripa] - Dia 1 [Inglês] - AE,[Einstein Floripa] - SimUFSC 2022.1 (AE - Inglês),Isabella Pacheco Silveira,brasilcursinhos_isabella.pacheco,15,46,46.,certo,290,"1,25",,
SimUFSC 2022.1 - [Einstein Floripa] - Dia 1 [Inglês] - AE,[Einstein Floripa] - SimUFSC 2022.1 (AE - Inglês),Isabella Pacheco Silveira,brasilcursinhos_isabella.pacheco,16,09,07.,errado,227,"1,25",,
SimUFSC 2022.1 - [Einstein Floripa] - Dia 1 [Inglês] - AE,[Einstein Floripa] - SimUFSC 2022.1 (AE - Inglês),Isabella Pacheco Silveira,brasilcursinhos_isabella.pacheco,17,09,12.,errado,132,"1,25",,
SimUFSC 2022.1 - [Einstein Floripa] - Dia 1 [Inglês] - AE,[Einstein Floripa] - SimUFSC 2022.1 (AE - Inglês),Isabella Pacheco Silveira,brasilcursinhos_isabella.pacheco,18,02,02.,certo,113,"1,25",,
SimUFSC 2022.1 - [Einstein Floripa] - Dia 1 [Inglês] - AE,[Einstein Floripa] - SimUFSC 2022.1 (AE - Inglês),Isabella Pacheco Silveira,brasilcursinhos_isabella.pacheco,19,27,51.,errado,90,"1,25",,
SimUFSC 2022.1 - [Einstein Floripa] - Dia 1 [Inglês] - AE,[Einstein Floripa] - SimUFSC 2022.1 (AE - Inglês),Isabella Pacheco Silveira,brasilcursinhos_isabella.pacheco,20,01,12.,errado,99,"1,25",,
SimUFSC 2022.1 - [Einstein Floripa] - Dia 1 [Inglês] - AE,[Einstein Floripa] - SimUFSC 2022.1 (AE - Inglês),Isabella Pacheco Silveira,brasilcursinhos_isabella.pacheco,21,08,27.,errado,153,"1,25",,
SimUFSC 2022.1 - [Einstein Floripa] - Dia 1 [Inglês] - AE,[Einstein Floripa] - SimUFSC 2022.1 (AE - Inglês),Isabella Pacheco Silveira,brasilcursinhos_isabella.pacheco,22,"<p><span style=""font-size: 12pt;"">﻿ok</span></p><p><span style=""font-size: 12pt;"">﻿</span></p>",,não corrigido,73,"0,909091",,
SimUFSC 2022.1 - [Einstein Floripa] - Dia 1 [Inglês] - AE,[Einstein Floripa] - SimUFSC 2022.1 (AE - Inglês),Isabella Pacheco Silveira,brasilcursinhos_isabella.pacheco,23,04,10,errado,212,"0,909091",,
SimUFSC 2022.1 - [Einstein Floripa] - Dia 1 [Inglês] - AE,[Einstein Floripa] - SimUFSC 2022.1 (AE - Inglês),Isabella Pacheco Silveira,brasilcursinhos_isabella.pacheco,24,08,09,errado,432,"0,909091",,
SimUFSC 2022.1 - [Einstein Floripa] - Dia 1 [Inglês] - AE,[Einstein Floripa] - SimUFSC 2022.1 (AE - Inglês),Isabella Pacheco Silveira,brasilcursinhos_isabella.pacheco,25,16,22,errado,396,"0,909091",,
SimUFSC 2022.1 - [Einstein Floripa] - Dia 1 [Inglês] - AE,[Einstein Floripa] - SimUFSC 2022.1 (AE - Inglês),Isabella Pacheco Silveira,brasilcursinhos_isabella.pacheco,26,08,05,errado,178,"0,909091",,
SimUFSC 2022.1 - [Einstein Floripa] - Dia 1 [Inglês] - AE,[Einstein Floripa] - SimUFSC 2022.1 (AE - Inglês),Isabella Pacheco Silveira,brasilcursinhos_isabella.pacheco,27,.,02,errado,85,"0,909092",,
SimUFSC 2022.1 - [Einstein Floripa] - Dia 1 [Inglês] - AE,[Einstein Floripa] - SimUFSC 2022.1 (AE - Inglês),Isabella Pacheco Silveira,brasilcursinhos_isabella.pacheco,28,04,06,errado,170,"0,909092",,
SimUFSC 2022.1 - [Einstein Floripa] - Dia 1 [Inglês] - AE,[Einstein Floripa] - SimUFSC 2022.1 (AE - Inglês),Isabella Pacheco Silveira,brasilcursinhos_isabella.pacheco,29,01,03,errado,131,"0,909092",,
SimUFSC 2022.1 - [Einstein Floripa] - Dia 1 [Inglês] - AE,[Einstein Floripa] - SimUFSC 2022.1 (AE - Inglês),Isabella Pacheco Silveira,brasilcursinhos_isabella.pacheco,30,02,11,errado,38,"0,909093",,
SimUFSC 2022.1 - [Einstein Floripa] - Dia 1 [Inglês] - AE,[Einstein Floripa] - SimUFSC 2022.1 (AE - Inglês),Isabella Pacheco Silveira,brasilcursinhos_isabella.pacheco,31,02,10,errado,19,"0,909095",,
SimUFSC 2022.1 - [Einstein Floripa] - Dia 1 [Inglês] - AE,[Einstein Floripa] - SimUFSC 2022.1 (AE - Inglês),Isabella Pacheco Silveira,brasilcursinhos_isabella.pacheco,32,04,18,errado,49,"0,90909",,
SimUFSC 2022.1 - [Einstein Floripa] - Dia 1 [Inglês] - AE,[Einstein Floripa] - SimUFSC 2022.1 (AE - Inglês),Isabella Pacheco Silveira,brasilcursinhos_isabella.pacheco,33,06,29,errado,467,1,,
SimUFSC 2022.1 - [Einstein Floripa] - Dia 1 [Inglês] - AE,[Einstein Floripa] - SimUFSC 2022.1 (AE - Inglês),Isabella Pacheco Silveira,brasilcursinhos_isabella.pacheco,34,21,52,errado,243,1,,
SimUFSC 2022.1 - [Einstein Floripa] - Dia 1 [Inglês] - AE,[Einstein Floripa] - SimUFSC 2022.1 (AE - Inglês),Isabella Pacheco Silveira,brasilcursinhos_isabella.pacheco,35,64,54,errado,297,1,,
SimUFSC 2022.1 - [Einstein Floripa] - Dia 1 [Inglês] - AE,[Einstein Floripa] - SimUFSC 2022.1 (AE - Inglês),Isabella Pacheco Silveira,brasilcursinhos_isabella.pacheco,36,32,75,errado,224,1,,
SimUFSC 2022.1 - [Einstein Floripa] - Dia 1 [Inglês] - AE,[Einstein Floripa] - SimUFSC 2022.1 (AE - Inglês),Isabella Pacheco Silveira,brasilcursinhos_isabella.pacheco,37,34,35,errado,254,1,,
SimUFSC 2022.1 - [Einstein Floripa] - Dia 1 [Inglês] - AE,[Einstein Floripa] - SimUFSC 2022.1 (AE - Inglês),Isabella Pacheco Silveira,brasilcursinhos_isabella.pacheco,38,04,36,errado,158,1,,
SimUFSC 2022.1 - [Einstein Floripa] - Dia 1 [Inglês] - AE,[Einstein Floripa] - SimUFSC 2022.1 (AE - Inglês),Isabella Pacheco Silveira,brasilcursinhos_isabella.pacheco,39,02,8,errado,99,1,,
SimUFSC 2022.1 - [Einstein Floripa] - Dia 1 [Inglês] - AE,[Einstein Floripa] - SimUFSC 2022.1 (AE - Inglês),Isabella Pacheco Silveira,brasilcursinhos_isabella.pacheco,40,25,27,errado,90,1,,
SimUFSC 2022.1 - [Einstein Floripa] - Dia 1 [Inglês] - AE,[Einstein Floripa] - SimUFSC 2022.1 (AE - Inglês),Isabella Pacheco Silveira,brasilcursinhos_isabella.pacheco,41,37,15,errado,35,1,,
SimUFSC 2022.1 - [Einstein Floripa] - Dia 1 [Inglês] - AE,[Einstein Floripa] - SimUFSC 2022.1 (AE - Inglês),Isabella Pacheco Silveira,brasilcursinhos_isabella.pacheco,42,18,55,errado,82,1,,
SimUFSC 2022.1 - [Einstein Floripa] - Dia 1 [Inglês] - AE,[Einstein Floripa] - SimUFSC 2022.1 (AE - Inglês),Júlia Maria da Silva,brasilcursinhos_julia.maria,1,08,50,errado,153,"0,769231",,
SimUFSC 2022.1 - [Einstein Floripa] - Dia 1 [Inglês] - AE,[Einstein Floripa] - SimUFSC 2022.1 (AE - Inglês),Júlia Maria da Silva,brasilcursinhos_julia.maria,2,17,13,errado,300,"0,769231",,
SimUFSC 2022.1 - [Einstein Floripa] - Dia 1 [Inglês] - AE,[Einstein Floripa] - SimUFSC 2022.1 (AE - Inglês),Júlia Maria da Silva,brasilcursinhos_julia.maria,3,,12,errado,17,"0,769231",,
SimUFSC 2022.1 - [Einstein Floripa] - Dia 1 [Inglês] - AE,[Einstein Floripa] - SimUFSC 2022.1 (AE - Inglês),Júlia Maria da Silva,brasilcursinhos_julia.maria,4,,22,errado,0,"0,769231",,
SimUFSC 2022.1 - [Einstein Floripa] - Dia 1 [Inglês] - AE,[Einstein Floripa] - SimUFSC 2022.1 (AE - Inglês),Júlia Maria da Silva,brasilcursinhos_julia.maria,5,,17,errado,0,"0,769231",,
SimUFSC 2022.1 - [Einstein Floripa] - Dia 1 [Inglês] - AE,[Einstein Floripa] - SimUFSC 2022.1 (AE - Inglês),Júlia Maria da Silva,brasilcursinhos_julia.maria,6,,15,errado,0,"0,769231",,
SimUFSC 2022.1 - [Einstein Floripa] - Dia 1 [Inglês] - AE,[Einstein Floripa] - SimUFSC 2022.1 (AE - Inglês),Júlia Maria da Silva,brasilcursinhos_julia.maria,7,,22,errado,0,"0,769231",,
SimUFSC 2022.1 - [Einstein Floripa] - Dia 1 [Inglês] - AE,[Einstein Floripa] - SimUFSC 2022.1 (AE - Inglês),Júlia Maria da Silva,brasilcursinhos_julia.maria,8,,6,errado,0,"0,769232",,
SimUFSC 2022.1 - [Einstein Floripa] - Dia 1 [Inglês] - AE,[Einstein Floripa] - SimUFSC 2022.1 (AE - Inglês),Júlia Maria da Silva,brasilcursinhos_julia.maria,9,,5,errado,0,"0,769232",,
SimUFSC 2022.1 - [Einstein Floripa] - Dia 1 [Inglês] - AE,[Einstein Floripa] - SimUFSC 2022.1 (AE - Inglês),Júlia Maria da Silva,brasilcursinhos_julia.maria,10,,14,errado,0,"0,769232",,
SimUFSC 2022.1 - [Einstein Floripa] - Dia 1 [Inglês] - AE,[Einstein Floripa] - SimUFSC 2022.1 (AE - Inglês),Júlia Maria da Silva,brasilcursinhos_julia.maria,11,,7,errado,0,"0,769233",,
SimUFSC 2022.1 - [Einstein Floripa] - Dia 1 [Inglês] - AE,[Einstein Floripa] - SimUFSC 2022.1 (AE - Inglês),Júlia Maria da Silva,brasilcursinhos_julia.maria,12,,1,errado,0,"0,769235",,
SimUFSC 2022.1 - [Einstein Floripa] - Dia 1 [Inglês] - AE,[Einstein Floripa] - SimUFSC 2022.1 (AE - Inglês),Júlia Maria da Silva,brasilcursinhos_julia.maria,13,,12,errado,0,"0,76924",,
SimUFSC 2022.1 - [Einstein Floripa] - Dia 1 [Inglês] - AE,[Einstein Floripa] - SimUFSC 2022.1 (AE - Inglês),Júlia Maria da Silva,brasilcursinhos_julia.maria,14,,44.,errado,5,"1,25",,
SimUFSC 2022.1 - [Einstein Floripa] - Dia 1 [Inglês] - AE,[Einstein Floripa] - SimUFSC 2022.1 (AE - Inglês),Júlia Maria da Silva,brasilcursinhos_julia.maria,15,,46.,errado,0,"1,25",,
SimUFSC 2022.1 - [Einstein Floripa] - Dia 1 [Inglês] - AE,[Einstein Floripa] - SimUFSC 2022.1 (AE - Inglês),Júlia Maria da Silva,brasilcursinhos_julia.maria,16,,07.,errado,0,"1,25",,
SimUFSC 2022.1 - [Einstein Floripa] - Dia 1 [Inglês] - AE,[Einstein Floripa] - SimUFSC 2022.1 (AE - Inglês),Júlia Maria da Silva,brasilcursinhos_julia.maria,17,,12.,errado,0,"1,25",,
SimUFSC 2022.1 - [Einstein Floripa] - Dia 1 [Inglês] - AE,[Einstein Floripa] - SimUFSC 2022.1 (AE - Inglês),Júlia Maria da Silva,brasilcursinhos_julia.maria,18,,02.,errado,0,"1,25",,
SimUFSC 2022.1 - [Einstein Floripa] - Dia 1 [Inglês] - AE,[Einstein Floripa] - SimUFSC 2022.1 (AE - Inglês),Júlia Maria da Silva,brasilcursinhos_julia.maria,19,,51.,errado,0,"1,25",,
SimUFSC 2022.1 - [Einstein Floripa] - Dia 1 [Inglês] - AE,[Einstein Floripa] - SimUFSC 2022.1 (AE - Inglês),Júlia Maria da Silva,brasilcursinhos_julia.maria,20,,12.,errado,0,"1,25",,
SimUFSC 2022.1 - [Einstein Floripa] - Dia 1 [Inglês] - AE,[Einstein Floripa] - SimUFSC 2022.1 (AE - Inglês),Júlia Maria da Silva,brasilcursinhos_julia.maria,21,,27.,errado,0,"1,25",,
SimUFSC 2022.1 - [Einstein Floripa] - Dia 1 [Inglês] - AE,[Einstein Floripa] - SimUFSC 2022.1 (AE - Inglês),Júlia Maria da Silva,brasilcursinhos_julia.maria,22,"<p><span style=""font-size: 12pt;"">ok</span></p>",,não corrigido,34,"0,909091",,
SimUFSC 2022.1 - [Einstein Floripa] - Dia 1 [Inglês] - AE,[Einstein Floripa] - SimUFSC 2022.1 (AE - Inglês),Júlia Maria da Silva,brasilcursinhos_julia.maria,23,04,10,errado,434,"0,909091",,
SimUFSC 2022.1 - [Einstein Floripa] - Dia 1 [Inglês] - AE,[Einstein Floripa] - SimUFSC 2022.1 (AE - Inglês),Júlia Maria da Silva,brasilcursinhos_julia.maria,24,,09,errado,1,"0,909091",,
SimUFSC 2022.1 - [Einstein Floripa] - Dia 1 [Inglês] - AE,[Einstein Floripa] - SimUFSC 2022.1 (AE - Inglês),Júlia Maria da Silva,brasilcursinhos_julia.maria,25,,22,errado,0,"0,909091",,
SimUFSC 2022.1 - [Einstein Floripa] - Dia 1 [Inglês] - AE,[Einstein Floripa] - SimUFSC 2022.1 (AE - Inglês),Júlia Maria da Silva,brasilcursinhos_julia.maria,26,,05,errado,0,"0,909091",,
SimUFSC 2022.1 - [Einstein Floripa] - Dia 1 [Inglês] - AE,[Einstein Floripa] - SimUFSC 2022.1 (AE - Inglês),Júlia Maria da Silva,brasilcursinhos_julia.maria,27,,02,errado,0,"0,909092",,
SimUFSC 2022.1 - [Einstein Floripa] - Dia 1 [Inglês] - AE,[Einstein Floripa] - SimUFSC 2022.1 (AE - Inglês),Júlia Maria da Silva,brasilcursinhos_julia.maria,28,,06,errado,0,"0,909092",,
SimUFSC 2022.1 - [Einstein Floripa] - Dia 1 [Inglês] - AE,[Einstein Floripa] - SimUFSC 2022.1 (AE - Inglês),Júlia Maria da Silva,brasilcursinhos_julia.maria,29,,03,errado,0,"0,909092",,
SimUFSC 2022.1 - [Einstein Floripa] - Dia 1 [Inglês] - AE,[Einstein Floripa] - SimUFSC 2022.1 (AE - Inglês),Júlia Maria da Silva,brasilcursinhos_julia.maria,30,,11,errado,0,"0,909093",,
SimUFSC 2022.1 - [Einstein Floripa] - Dia 1 [Inglês] - AE,[Einstein Floripa] - SimUFSC 2022.1 (AE - Inglês),Júlia Maria da Silva,brasilcursinhos_julia.maria,31,,10,errado,0,"0,909095",,
SimUFSC 2022.1 - [Einstein Floripa] - Dia 1 [Inglês] - AE,[Einstein Floripa] - SimUFSC 2022.1 (AE - Inglês),Júlia Maria da Silva,brasilcursinhos_julia.maria,32,,18,errado,0,"0,90909",,
SimUFSC 2022.1 - [Einstein Floripa] - Dia 1 [Inglês] - AE,[Einstein Floripa] - SimUFSC 2022.1 (AE - Inglês),Júlia Maria da Silva,brasilcursinhos_julia.maria,33,,29,errado,0,1,,
SimUFSC 2022.1 - [Einstein Floripa] - Dia 1 [Inglês] - AE,[Einstein Floripa] - SimUFSC 2022.1 (AE - Inglês),Júlia Maria da Silva,brasilcursinhos_julia.maria,34,,52,errado,0,1,,
SimUFSC 2022.1 - [Einstein Floripa] - Dia 1 [Inglês] - AE,[Einstein Floripa] - SimUFSC 2022.1 (AE - Inglês),Júlia Maria da Silva,brasilcursinhos_julia.maria,35,,54,errado,0,1,,
SimUFSC 2022.1 - [Einstein Floripa] - Dia 1 [Inglês] - AE,[Einstein Floripa] - SimUFSC 2022.1 (AE - Inglês),Júlia Maria da Silva,brasilcursinhos_julia.maria,36,,75,errado,0,1,,
SimUFSC 2022.1 - [Einstein Floripa] - Dia 1 [Inglês] - AE,[Einstein Floripa] - SimUFSC 2022.1 (AE - Inglês),Júlia Maria da Silva,brasilcursinhos_julia.maria,37,,35,errado,0,1,,
SimUFSC 2022.1 - [Einstein Floripa] - Dia 1 [Inglês] - AE,[Einstein Floripa] - SimUFSC 2022.1 (AE - Inglês),Júlia Maria da Silva,brasilcursinhos_julia.maria,38,,36,errado,0,1,,
SimUFSC 2022.1 - [Einstein Floripa] - Dia 1 [Inglês] - AE,[Einstein Floripa] - SimUFSC 2022.1 (AE - Inglês),Júlia Maria da Silva,brasilcursinhos_julia.maria,39,,8,errado,0,1,,
SimUFSC 2022.1 - [Einstein Floripa] - Dia 1 [Inglês] - AE,[Einstein Floripa] - SimUFSC 2022.1 (AE - Inglês),Júlia Maria da Silva,brasilcursinhos_julia.maria,40,,27,errado,0,1,,
SimUFSC 2022.1 - [Einstein Floripa] - Dia 1 [Inglês] - AE,[Einstein Floripa] - SimUFSC 2022.1 (AE - Inglês),Júlia Maria da Silva,brasilcursinhos_julia.maria,41,,15,errado,0,1,,
SimUFSC 2022.1 - [Einstein Floripa] - Dia 1 [Inglês] - AE,[Einstein Floripa] - SimUFSC 2022.1 (AE - Inglês),Júlia Maria da Silva,brasilcursinhos_julia.maria,42,,55,errado,0,1,,
SimUFSC 2022.1 - [Einstein Floripa] - Dia 1 [Inglês] - AE,[Einstein Floripa] - SimUFSC 2022.1 (AE - Inglês),Sophia Helena Souza Rodrigues,brasilcursinhos_sophia.helena,1,07,50,errado,148,"0,769231",,
SimUFSC 2022.1 - [Einstein Floripa] - Dia 1 [Inglês] - AE,[Einstein Floripa] - SimUFSC 2022.1 (AE - Inglês),Sophia Helena Souza Rodrigues,brasilcursinhos_sophia.helena,2,14,13,errado,138,"0,769231",,
SimUFSC 2022.1 - [Einstein Floripa] - Dia 1 [Inglês] - AE,[Einstein Floripa] - SimUFSC 2022.1 (AE - Inglês),Sophia Helena Souza Rodrigues,brasilcursinhos_sophia.helena,3,21,12,errado,113,"0,769231",,
SimUFSC 2022.1 - [Einstein Floripa] - Dia 1 [Inglês] - AE,[Einstein Floripa] - SimUFSC 2022.1 (AE - Inglês),Sophia Helena Souza Rodrigues,brasilcursinhos_sophia.helena,4,03,22,errado,278,"0,769231",,
SimUFSC 2022.1 - [Einstein Floripa] - Dia 1 [Inglês] - AE,[Einstein Floripa] - SimUFSC 2022.1 (AE - Inglês),Sophia Helena Souza Rodrigues,brasilcursinhos_sophia.helena,5,48,17,errado,162,"0,769231",,
SimUFSC 2022.1 - [Einstein Floripa] - Dia 1 [Inglês] - AE,[Einstein Floripa] - SimUFSC 2022.1 (AE - Inglês),Sophia Helena Souza Rodrigues,brasilcursinhos_sophia.helena,6,10,15,errado,91,"0,769231",,
SimUFSC 2022.1 - [Einstein Floripa] - Dia 1 [Inglês] - AE,[Einstein Floripa] - SimUFSC 2022.1 (AE - Inglês),Sophia Helena Souza Rodrigues,brasilcursinhos_sophia.helena,7,22,22,certo,347,"0,769231",,
SimUFSC 2022.1 - [Einstein Floripa] - Dia 1 [Inglês] - AE,[Einstein Floripa] - SimUFSC 2022.1 (AE - Inglês),Sophia Helena Souza Rodrigues,brasilcursinhos_sophia.helena,8,06,6,errado,82,"0,769232",,
SimUFSC 2022.1 - [Einstein Floripa] - Dia 1 [Inglês] - AE,[Einstein Floripa] - SimUFSC 2022.1 (AE - Inglês),Sophia Helena Souza Rodrigues,brasilcursinhos_sophia.helena,9,05,5,errado,465,"0,769232",,
SimUFSC 2022.1 - [Einstein Floripa] - Dia 1 [Inglês] - AE,[Einstein Floripa] - SimUFSC 2022.1 (AE - Inglês),Sophia Helena Souza Rodrigues,brasilcursinhos_sophia.helena,10,01,14,errado,55,"0,769232",,
SimUFSC 2022.1 - [Einstein Floripa] - Dia 1 [Inglês] - AE,[Einstein Floripa] - SimUFSC 2022.1 (AE - Inglês),Sophia Helena Souza Rodrigues,brasilcursinhos_sophia.helena,11,02,7,errado,102,"0,769233",,
SimUFSC 2022.1 - [Einstein Floripa] - Dia 1 [Inglês] - AE,[Einstein Floripa] - SimUFSC 2022.1 (AE - Inglês),Sophia Helena Souza Rodrigues,brasilcursinhos_sophia.helena,12,09,1,errado,103,"0,769235",,
SimUFSC 2022.1 - [Einstein Floripa] - Dia 1 [Inglês] - AE,[Einstein Floripa] - SimUFSC 2022.1 (AE - Inglês),Sophia Helena Souza Rodrigues,brasilcursinhos_sophia.helena,13,28,12,errado,164,"0,76924",,
SimUFSC 2022.1 - [Einstein Floripa] - Dia 1 [Inglês] - AE,[Einstein Floripa] - SimUFSC 2022.1 (AE - Inglês),Sophia Helena Souza Rodrigues,brasilcursinhos_sophia.helena,14,12,44.,errado,103,"1,25",,
SimUFSC 2022.1 - [Einstein Floripa] - Dia 1 [Inglês] - AE,[Einstein Floripa] - SimUFSC 2022.1 (AE - Inglês),Sophia Helena Souza Rodrigues,brasilcursinhos_sophia.helena,15,21,46.,errado,132,"1,25",,
SimUFSC 2022.1 - [Einstein Floripa] - Dia 1 [Inglês] - AE,[Einstein Floripa] - SimUFSC 2022.1 (AE - Inglês),Sophia Helena Souza Rodrigues,brasilcursinhos_sophia.helena,16,14,07.,errado,64,"1,25",,
SimUFSC 2022.1 - [Einstein Floripa] - Dia 1 [Inglês] - AE,[Einstein Floripa] - SimUFSC 2022.1 (AE - Inglês),Sophia Helena Souza Rodrigues,brasilcursinhos_sophia.helena,17,04,12.,errado,197,"1,25",,
SimUFSC 2022.1 - [Einstein Floripa] - Dia 1 [Inglês] - AE,[Einstein Floripa] - SimUFSC 2022.1 (AE - Inglês),Sophia Helena Souza Rodrigues,brasilcursinhos_sophia.helena,18,04,02.,errado,240,"1,25",,
SimUFSC 2022.1 - [Einstein Floripa] - Dia 1 [Inglês] - AE,[Einstein Floripa] - SimUFSC 2022.1 (AE - Inglês),Sophia Helena Souza Rodrigues,brasilcursinhos_sophia.helena,19,67,51.,errado,80,"1,25",,
SimUFSC 2022.1 - [Einstein Floripa] - Dia 1 [Inglês] - AE,[Einstein Floripa] - SimUFSC 2022.1 (AE - Inglês),Sophia Helena Souza Rodrigues,brasilcursinhos_sophia.helena,20,16,12.,errado,68,"1,25",,
SimUFSC 2022.1 - [Einstein Floripa] - Dia 1 [Inglês] - AE,[Einstein Floripa] - SimUFSC 2022.1 (AE - Inglês),Sophia Helena Souza Rodrigues,brasilcursinhos_sophia.helena,21,11,27.,errado,132,"1,25",,
SimUFSC 2022.1 - [Einstein Floripa] - Dia 1 [Inglês] - AE,[Einstein Floripa] - SimUFSC 2022.1 (AE - Inglês),Sophia Helena Souza Rodrigues,brasilcursinhos_sophia.helena,22,"<p><span style=""font-size: 12pt;"">ok</span></p>",,não corrigido,26,"0,909091",,
SimUFSC 2022.1 - [Einstein Floripa] - Dia 1 [Inglês] - AE,[Einstein Floripa] - SimUFSC 2022.1 (AE - Inglês),Sophia Helena Souza Rodrigues,brasilcursinhos_sophia.helena,23,07,10,errado,318,"0,909091",,
SimUFSC 2022.1 - [Einstein Floripa] - Dia 1 [Inglês] - AE,[Einstein Floripa] - SimUFSC 2022.1 (AE - Inglês),Sophia Helena Souza Rodrigues,brasilcursinhos_sophia.helena,24,12,09,errado,311,"0,909091",,
SimUFSC 2022.1 - [Einstein Floripa] - Dia 1 [Inglês] - AE,[Einstein Floripa] - SimUFSC 2022.1 (AE - Inglês),Sophia Helena Souza Rodrigues,brasilcursinhos_sophia.helena,25,49,22,errado,97,"0,909091",,
SimUFSC 2022.1 - [Einstein Floripa] - Dia 1 [Inglês] - AE,[Einstein Floripa] - SimUFSC 2022.1 (AE - Inglês),Sophia Helena Souza Rodrigues,brasilcursinhos_sophia.helena,26,9,05,errado,276,"0,909091",,
SimUFSC 2022.1 - [Einstein Floripa] - Dia 1 [Inglês] - AE,[Einstein Floripa] - SimUFSC 2022.1 (AE - Inglês),Sophia Helena Souza Rodrigues,brasilcursinhos_sophia.helena,27,40,02,errado,365,"0,909092",,
SimUFSC 2022.1 - [Einstein Floripa] - Dia 1 [Inglês] - AE,[Einstein Floripa] - SimUFSC 2022.1 (AE - Inglês),Sophia Helena Souza Rodrigues,brasilcursinhos_sophia.helena,28,16,06,errado,449,"0,909092",,
SimUFSC 2022.1 - [Einstein Floripa] - Dia 1 [Inglês] - AE,[Einstein Floripa] - SimUFSC 2022.1 (AE - Inglês),Sophia Helena Souza Rodrigues,brasilcursinhos_sophia.helena,29,05,03,errado,438,"0,909092",,
SimUFSC 2022.1 - [Einstein Floripa] - Dia 1 [Inglês] - AE,[Einstein Floripa] - SimUFSC 2022.1 (AE - Inglês),Sophia Helena Souza Rodrigues,brasilcursinhos_sophia.helena,30,02,11,errado,119,"0,909093",,
SimUFSC 2022.1 - [Einstein Floripa] - Dia 1 [Inglês] - AE,[Einstein Floripa] - SimUFSC 2022.1 (AE - Inglês),Sophia Helena Souza Rodrigues,brasilcursinhos_sophia.helena,31,19,10,errado,375,"0,909095",,
SimUFSC 2022.1 - [Einstein Floripa] - Dia 1 [Inglês] - AE,[Einstein Floripa] - SimUFSC 2022.1 (AE - Inglês),Sophia Helena Souza Rodrigues,brasilcursinhos_sophia.helena,32,19,18,errado,487,"0,90909",,
SimUFSC 2022.1 - [Einstein Floripa] - Dia 1 [Inglês] - AE,[Einstein Floripa] - SimUFSC 2022.1 (AE - Inglês),Sophia Helena Souza Rodrigues,brasilcursinhos_sophia.helena,33,42,29,errado,198,1,,
SimUFSC 2022.1 - [Einstein Floripa] - Dia 1 [Inglês] - AE,[Einstein Floripa] - SimUFSC 2022.1 (AE - Inglês),Sophia Helena Souza Rodrigues,brasilcursinhos_sophia.helena,34,38,52,errado,200,1,,
SimUFSC 2022.1 - [Einstein Floripa] - Dia 1 [Inglês] - AE,[Einstein Floripa] - SimUFSC 2022.1 (AE - Inglês),Sophia Helena Souza Rodrigues,brasilcursinhos_sophia.helena,35,50,54,errado,156,1,,
SimUFSC 2022.1 - [Einstein Floripa] - Dia 1 [Inglês] - AE,[Einstein Floripa] - SimUFSC 2022.1 (AE - Inglês),Sophia Helena Souza Rodrigues,brasilcursinhos_sophia.helena,36,32,75,errado,61,1,,
SimUFSC 2022.1 - [Einstein Floripa] - Dia 1 [Inglês] - AE,[Einstein Floripa] - SimUFSC 2022.1 (AE - Inglês),Sophia Helena Souza Rodrigues,brasilcursinhos_sophia.helena,37,35,35,certo,161,1,,
SimUFSC 2022.1 - [Einstein Floripa] - Dia 1 [Inglês] - AE,[Einstein Floripa] - SimUFSC 2022.1 (AE - Inglês),Sophia Helena Souza Rodrigues,brasilcursinhos_sophia.helena,38,52,36,errado,214,1,,
SimUFSC 2022.1 - [Einstein Floripa] - Dia 1 [Inglês] - AE,[Einstein Floripa] - SimUFSC 2022.1 (AE - Inglês),Sophia Helena Souza Rodrigues,brasilcursinhos_sophia.helena,39,08,8,errado,110,1,,
SimUFSC 2022.1 - [Einstein Floripa] - Dia 1 [Inglês] - AE,[Einstein Floripa] - SimUFSC 2022.1 (AE - Inglês),Sophia Helena Souza Rodrigues,brasilcursinhos_sophia.helena,40,25,27,errado,139,1,,
SimUFSC 2022.1 - [Einstein Floripa] - Dia 1 [Inglês] - AE,[Einstein Floripa] - SimUFSC 2022.1 (AE - Inglês),Sophia Helena Souza Rodrigues,brasilcursinhos_sophia.helena,41,06,15,errado,92,1,,
SimUFSC 2022.1 - [Einstein Floripa] - Dia 1 [Inglês] - AE,[Einstein Floripa] - SimUFSC 2022.1 (AE - Inglês),Sophia Helena Souza Rodrigues,brasilcursinhos_sophia.helena,42,02,55,errado,46,1,,
SimUFSC 2022.1 - [Einstein Floripa] - Dia 1 [Inglês] - AE,[Einstein Floripa] - SimUFSC 2022.1 (AE - Inglês),Thifany Bauer Borges,brasilcursinhos_thifany.bauer,1,10,50,errado,149,"0,769231",,
SimUFSC 2022.1 - [Einstein Floripa] - Dia 1 [Inglês] - AE,[Einstein Floripa] - SimUFSC 2022.1 (AE - Inglês),Thifany Bauer Borges,brasilcursinhos_thifany.bauer,2,1,13,errado,182,"0,769231",,
SimUFSC 2022.1 - [Einstein Floripa] - Dia 1 [Inglês] - AE,[Einstein Floripa] - SimUFSC 2022.1 (AE - Inglês),Thifany Bauer Borges,brasilcursinhos_thifany.bauer,3,13,12,errado,122,"0,769231",,
SimUFSC 2022.1 - [Einstein Floripa] - Dia 1 [Inglês] - AE,[Einstein Floripa] - SimUFSC 2022.1 (AE - Inglês),Thifany Bauer Borges,brasilcursinhos_thifany.bauer,4,22,22,certo,326,"0,769231",,
SimUFSC 2022.1 - [Einstein Floripa] - Dia 1 [Inglês] - AE,[Einstein Floripa] - SimUFSC 2022.1 (AE - Inglês),Thifany Bauer Borges,brasilcursinhos_thifany.bauer,5,17,17,certo,223,"0,769231",,
SimUFSC 2022.1 - [Einstein Floripa] - Dia 1 [Inglês] - AE,[Einstein Floripa] - SimUFSC 2022.1 (AE - Inglês),Thifany Bauer Borges,brasilcursinhos_thifany.bauer,6,10,15,errado,100,"0,769231",,
SimUFSC 2022.1 - [Einstein Floripa] - Dia 1 [Inglês] - AE,[Einstein Floripa] - SimUFSC 2022.1 (AE - Inglês),Thifany Bauer Borges,brasilcursinhos_thifany.bauer,7,16,22,errado,436,"0,769231",,
SimUFSC 2022.1 - [Einstein Floripa] - Dia 1 [Inglês] - AE,[Einstein Floripa] - SimUFSC 2022.1 (AE - Inglês),Thifany Bauer Borges,brasilcursinhos_thifany.bauer,8,2,6,errado,112,"0,769232",,
SimUFSC 2022.1 - [Einstein Floripa] - Dia 1 [Inglês] - AE,[Einstein Floripa] - SimUFSC 2022.1 (AE - Inglês),Thifany Bauer Borges,brasilcursinhos_thifany.bauer,9,1,5,errado,64,"0,769232",,
SimUFSC 2022.1 - [Einstein Floripa] - Dia 1 [Inglês] - AE,[Einstein Floripa] - SimUFSC 2022.1 (AE - Inglês),Thifany Bauer Borges,brasilcursinhos_thifany.bauer,10,4,14,errado,368,"0,769232",,
SimUFSC 2022.1 - [Einstein Floripa] - Dia 1 [Inglês] - AE,[Einstein Floripa] - SimUFSC 2022.1 (AE - Inglês),Thifany Bauer Borges,brasilcursinhos_thifany.bauer,11,8,7,errado,138,"0,769233",,
SimUFSC 2022.1 - [Einstein Floripa] - Dia 1 [Inglês] - AE,[Einstein Floripa] - SimUFSC 2022.1 (AE - Inglês),Thifany Bauer Borges,brasilcursinhos_thifany.bauer,12,2,1,errado,137,"0,769235",,
SimUFSC 2022.1 - [Einstein Floripa] - Dia 1 [Inglês] - AE,[Einstein Floripa] - SimUFSC 2022.1 (AE - Inglês),Thifany Bauer Borges,brasilcursinhos_thifany.bauer,13,4,12,errado,142,"0,76924",,
SimUFSC 2022.1 - [Einstein Floripa] - Dia 1 [Inglês] - AE,[Einstein Floripa] - SimUFSC 2022.1 (AE - Inglês),Thifany Bauer Borges,brasilcursinhos_thifany.bauer,14,6,44.,errado,110,"1,25",,
SimUFSC 2022.1 - [Einstein Floripa] - Dia 1 [Inglês] - AE,[Einstein Floripa] - SimUFSC 2022.1 (AE - Inglês),Thifany Bauer Borges,brasilcursinhos_thifany.bauer,15,8,46.,errado,214,"1,25",,
SimUFSC 2022.1 - [Einstein Floripa] - Dia 1 [Inglês] - AE,[Einstein Floripa] - SimUFSC 2022.1 (AE - Inglês),Thifany Bauer Borges,brasilcursinhos_thifany.bauer,16,6,07.,errado,293,"1,25",,
SimUFSC 2022.1 - [Einstein Floripa] - Dia 1 [Inglês] - AE,[Einstein Floripa] - SimUFSC 2022.1 (AE - Inglês),Thifany Bauer Borges,brasilcursinhos_thifany.bauer,17,12,12.,certo,72,"1,25",,
SimUFSC 2022.1 - [Einstein Floripa] - Dia 1 [Inglês] - AE,[Einstein Floripa] - SimUFSC 2022.1 (AE - Inglês),Thifany Bauer Borges,brasilcursinhos_thifany.bauer,18,2,02.,errado,103,"1,25",,
SimUFSC 2022.1 - [Einstein Floripa] - Dia 1 [Inglês] - AE,[Einstein Floripa] - SimUFSC 2022.1 (AE - Inglês),Thifany Bauer Borges,brasilcursinhos_thifany.bauer,19,9,51.,errado,113,"1,25",,
SimUFSC 2022.1 - [Einstein Floripa] - Dia 1 [Inglês] - AE,[Einstein Floripa] - SimUFSC 2022.1 (AE - Inglês),Thifany Bauer Borges,brasilcursinhos_thifany.bauer,20,8,12.,errado,79,"1,25",,
SimUFSC 2022.1 - [Einstein Floripa] - Dia 1 [Inglês] - AE,[Einstein Floripa] - SimUFSC 2022.1 (AE - Inglês),Thifany Bauer Borges,brasilcursinhos_thifany.bauer,21,6,27.,errado,54,"1,25",,
SimUFSC 2022.1 - [Einstein Floripa] - Dia 1 [Inglês] - AE,[Einstein Floripa] - SimUFSC 2022.1 (AE - Inglês),Thifany Bauer Borges,brasilcursinhos_thifany.bauer,22,"<p><span style=""font-size: 12pt;"">ok</span></p>",,não corrigido,56,"0,909091",,
SimUFSC 2022.1 - [Einstein Floripa] - Dia 1 [Inglês] - AE,[Einstein Floripa] - SimUFSC 2022.1 (AE - Inglês),Thifany Bauer Borges,brasilcursinhos_thifany.bauer,23,2,10,errado,59,"0,909091",,
SimUFSC 2022.1 - [Einstein Floripa] - Dia 1 [Inglês] - AE,[Einstein Floripa] - SimUFSC 2022.1 (AE - Inglês),Thifany Bauer Borges,brasilcursinhos_thifany.bauer,24,2,09,errado,429,"0,909091",,
SimUFSC 2022.1 - [Einstein Floripa] - Dia 1 [Inglês] - AE,[Einstein Floripa] - SimUFSC 2022.1 (AE - Inglês),Thifany Bauer Borges,brasilcursinhos_thifany.bauer,25,32,22,errado,97,"0,909091",,
SimUFSC 2022.1 - [Einstein Floripa] - Dia 1 [Inglês] - AE,[Einstein Floripa] - SimUFSC 2022.1 (AE - Inglês),Thifany Bauer Borges,brasilcursinhos_thifany.bauer,26,1,05,errado,1974,"0,909091",,
SimUFSC 2022.1 - [Einstein Floripa] - Dia 1 [Inglês] - AE,[Einstein Floripa] - SimUFSC 2022.1 (AE - Inglês),Thifany Bauer Borges,brasilcursinhos_thifany.bauer,27,,02,errado,35,"0,909092",,
SimUFSC 2022.1 - [Einstein Floripa] - Dia 1 [Inglês] - AE,[Einstein Floripa] - SimUFSC 2022.1 (AE - Inglês),Thifany Bauer Borges,brasilcursinhos_thifany.bauer,28,4,06,errado,117,"0,909092",,
SimUFSC 2022.1 - [Einstein Floripa] - Dia 1 [Inglês] - AE,[Einstein Floripa] - SimUFSC 2022.1 (AE - Inglês),Thifany Bauer Borges,brasilcursinhos_thifany.bauer,29,16,03,errado,239,"0,909092",,
SimUFSC 2022.1 - [Einstein Floripa] - Dia 1 [Inglês] - AE,[Einstein Floripa] - SimUFSC 2022.1 (AE - Inglês),Thifany Bauer Borges,brasilcursinhos_thifany.bauer,30,8,11,errado,26,"0,909093",,
SimUFSC 2022.1 - [Einstein Floripa] - Dia 1 [Inglês] - AE,[Einstein Floripa] - SimUFSC 2022.1 (AE - Inglês),Thifany Bauer Borges,brasilcursinhos_thifany.bauer,31,4,10,errado,16,"0,909095",,
SimUFSC 2022.1 - [Einstein Floripa] - Dia 1 [Inglês] - AE,[Einstein Floripa] - SimUFSC 2022.1 (AE - Inglês),Thifany Bauer Borges,brasilcursinhos_thifany.bauer,32,4,18,errado,40,"0,90909",,
SimUFSC 2022.1 - [Einstein Floripa] - Dia 1 [Inglês] - AE,[Einstein Floripa] - SimUFSC 2022.1 (AE - Inglês),Thifany Bauer Borges,brasilcursinhos_thifany.bauer,33,4,29,errado,116,1,,
SimUFSC 2022.1 - [Einstein Floripa] - Dia 1 [Inglês] - AE,[Einstein Floripa] - SimUFSC 2022.1 (AE - Inglês),Thifany Bauer Borges,brasilcursinhos_thifany.bauer,34,32,52,errado,104,1,,
SimUFSC 2022.1 - [Einstein Floripa] - Dia 1 [Inglês] - AE,[Einstein Floripa] - SimUFSC 2022.1 (AE - Inglês),Thifany Bauer Borges,brasilcursinhos_thifany.bauer,35,8,54,errado,104,1,,
SimUFSC 2022.1 - [Einstein Floripa] - Dia 1 [Inglês] - AE,[Einstein Floripa] - SimUFSC 2022.1 (AE - Inglês),Thifany Bauer Borges,brasilcursinhos_thifany.bauer,36,8,75,errado,141,1,,
SimUFSC 2022.1 - [Einstein Floripa] - Dia 1 [Inglês] - AE,[Einstein Floripa] - SimUFSC 2022.1 (AE - Inglês),Thifany Bauer Borges,brasilcursinhos_thifany.bauer,37,16,35,errado,70,1,,
SimUFSC 2022.1 - [Einstein Floripa] - Dia 1 [Inglês] - AE,[Einstein Floripa] - SimUFSC 2022.1 (AE - Inglês),Thifany Bauer Borges,brasilcursinhos_thifany.bauer,38,04,36,errado,93,1,,
SimUFSC 2022.1 - [Einstein Floripa] - Dia 1 [Inglês] - AE,[Einstein Floripa] - SimUFSC 2022.1 (AE - Inglês),Thifany Bauer Borges,brasilcursinhos_thifany.bauer,39,8,8,certo,51,1,,
SimUFSC 2022.1 - [Einstein Floripa] - Dia 1 [Inglês] - AE,[Einstein Floripa] - SimUFSC 2022.1 (AE - Inglês),Thifany Bauer Borges,brasilcursinhos_thifany.bauer,40,9,27,errado,185,1,,
SimUFSC 2022.1 - [Einstein Floripa] - Dia 1 [Inglês] - AE,[Einstein Floripa] - SimUFSC 2022.1 (AE - Inglês),Thifany Bauer Borges,brasilcursinhos_thifany.bauer,41,7,15,errado,118,1,,
SimUFSC 2022.1 - [Einstein Floripa] - Dia 1 [Inglês] - AE,[Einstein Floripa] - SimUFSC 2022.1 (AE - Inglês),Thifany Bauer Borges,brasilcursinhos_thifany.bauer,42,16,55,errado,49,1,,
