atividade_nome,turma,aluno_nome,aluno_login,num_exercicio,resp_aluno,gabarito,certo_ou_errado,tempo_no_exercicio(s),valor_do_exercicio,nota_professores,feedback_professores
SimUFSC 2022.1 - [Einstein Floripa] - Dia 2 - AE,[Einstein Floripa] - SimUFSC 2022.1 (AE - Espanhol),Ágata Cristina Cidade,brasilcursinhos_agata.cristina,1,06,14,errado,98,"1,25",,
SimUFSC 2022.1 - [Einstein Floripa] - Dia 2 - AE,[Einstein Floripa] - SimUFSC 2022.1 (AE - Espanhol),Ágata Cristina Cidade,brasilcursinhos_agata.cristina,2,02,30,errado,74,"1,25",,
SimUFSC 2022.1 - [Einstein Floripa] - Dia 2 - AE,[Einstein Floripa] - SimUFSC 2022.1 (AE - Espanhol),Ágata Cristina Cidade,brasilcursinhos_agata.cristina,3,02,14,errado,215,"1,25",,
SimUFSC 2022.1 - [Einstein Floripa] - Dia 2 - AE,[Einstein Floripa] - SimUFSC 2022.1 (AE - Espanhol),Ágata Cristina Cidade,brasilcursinhos_agata.cristina,4,06,28,errado,94,"1,25",,
SimUFSC 2022.1 - [Einstein Floripa] - Dia 2 - AE,[Einstein Floripa] - SimUFSC 2022.1 (AE - Espanhol),Ágata Cristina Cidade,brasilcursinhos_agata.cristina,5,20,22,errado,160,"1,25",,
SimUFSC 2022.1 - [Einstein Floripa] - Dia 2 - AE,[Einstein Floripa] - SimUFSC 2022.1 (AE - Espanhol),Ágata Cristina Cidade,brasilcursinhos_agata.cristina,6,33,33,certo,205,"1,25",,
SimUFSC 2022.1 - [Einstein Floripa] - Dia 2 - AE,[Einstein Floripa] - SimUFSC 2022.1 (AE - Espanhol),Ágata Cristina Cidade,brasilcursinhos_agata.cristina,7,01,25,errado,105,"1,25",,
SimUFSC 2022.1 - [Einstein Floripa] - Dia 2 - AE,[Einstein Floripa] - SimUFSC 2022.1 (AE - Espanhol),Ágata Cristina Cidade,brasilcursinhos_agata.cristina,8,09,43,errado,83,"1,25",,
SimUFSC 2022.1 - [Einstein Floripa] - Dia 2 - AE,[Einstein Floripa] - SimUFSC 2022.1 (AE - Espanhol),Ágata Cristina Cidade,brasilcursinhos_agata.cristina,9,32,13,errado,138,"1,42857",,
SimUFSC 2022.1 - [Einstein Floripa] - Dia 2 - AE,[Einstein Floripa] - SimUFSC 2022.1 (AE - Espanhol),Ágata Cristina Cidade,brasilcursinhos_agata.cristina,10,02,01,errado,68,"1,42857",,
SimUFSC 2022.1 - [Einstein Floripa] - Dia 2 - AE,[Einstein Floripa] - SimUFSC 2022.1 (AE - Espanhol),Ágata Cristina Cidade,brasilcursinhos_agata.cristina,11,12,48,errado,96,"1,42857",,
SimUFSC 2022.1 - [Einstein Floripa] - Dia 2 - AE,[Einstein Floripa] - SimUFSC 2022.1 (AE - Espanhol),Ágata Cristina Cidade,brasilcursinhos_agata.cristina,12,84,85,errado,182,"1,42857",,
SimUFSC 2022.1 - [Einstein Floripa] - Dia 2 - AE,[Einstein Floripa] - SimUFSC 2022.1 (AE - Espanhol),Ágata Cristina Cidade,brasilcursinhos_agata.cristina,13,36,54.,errado,153,"1,42857",,
SimUFSC 2022.1 - [Einstein Floripa] - Dia 2 - AE,[Einstein Floripa] - SimUFSC 2022.1 (AE - Espanhol),Ágata Cristina Cidade,brasilcursinhos_agata.cristina,14,08,76.,errado,288,"1,42857",,
SimUFSC 2022.1 - [Einstein Floripa] - Dia 2 - AE,[Einstein Floripa] - SimUFSC 2022.1 (AE - Espanhol),Ágata Cristina Cidade,brasilcursinhos_agata.cristina,15,12,92.,errado,113,"1,42858",,
SimUFSC 2022.1 - [Einstein Floripa] - Dia 2 - AE,[Einstein Floripa] - SimUFSC 2022.1 (AE - Espanhol),Ágata Cristina Cidade,brasilcursinhos_agata.cristina,16,04,38,errado,88,"2,5",,
SimUFSC 2022.1 - [Einstein Floripa] - Dia 2 - AE,[Einstein Floripa] - SimUFSC 2022.1 (AE - Espanhol),Ágata Cristina Cidade,brasilcursinhos_agata.cristina,17,01,25,errado,58,"2,5",,
SimUFSC 2022.1 - [Einstein Floripa] - Dia 2 - AE,[Einstein Floripa] - SimUFSC 2022.1 (AE - Espanhol),Ágata Cristina Cidade,brasilcursinhos_agata.cristina,18,49,41,errado,91,"2,5",,
SimUFSC 2022.1 - [Einstein Floripa] - Dia 2 - AE,[Einstein Floripa] - SimUFSC 2022.1 (AE - Espanhol),Ágata Cristina Cidade,brasilcursinhos_agata.cristina,19,01,23,errado,174,"2,5",,
SimUFSC 2022.1 - [Einstein Floripa] - Dia 2 - AE,[Einstein Floripa] - SimUFSC 2022.1 (AE - Espanhol),Ágata Cristina Cidade,brasilcursinhos_agata.cristina,20,"<p><span style=""font-size: 12pt;"">﻿ok</span></p>",,não corrigido,518,10,,
SimUFSC 2022.1 - [Einstein Floripa] - Dia 2 - AE,[Einstein Floripa] - SimUFSC 2022.1 (AE - Espanhol),Ágata Cristina Cidade,brasilcursinhos_agata.cristina,21,80,81,errado,1025,1,,
SimUFSC 2022.1 - [Einstein Floripa] - Dia 2 - AE,[Einstein Floripa] - SimUFSC 2022.1 (AE - Espanhol),Ágata Cristina Cidade,brasilcursinhos_agata.cristina,22,01,39,errado,574,1,,
SimUFSC 2022.1 - [Einstein Floripa] - Dia 2 - AE,[Einstein Floripa] - SimUFSC 2022.1 (AE - Espanhol),Ágata Cristina Cidade,brasilcursinhos_agata.cristina,23,02,42,errado,340,1,,
SimUFSC 2022.1 - [Einstein Floripa] - Dia 2 - AE,[Einstein Floripa] - SimUFSC 2022.1 (AE - Espanhol),Ágata Cristina Cidade,brasilcursinhos_agata.cristina,24,01,53,errado,235,1,,
SimUFSC 2022.1 - [Einstein Floripa] - Dia 2 - AE,[Einstein Floripa] - SimUFSC 2022.1 (AE - Espanhol),Ágata Cristina Cidade,brasilcursinhos_agata.cristina,25,01,09,errado,244,1,,
SimUFSC 2022.1 - [Einstein Floripa] - Dia 2 - AE,[Einstein Floripa] - SimUFSC 2022.1 (AE - Espanhol),Ágata Cristina Cidade,brasilcursinhos_agata.cristina,26,01,11,errado,488,1,,
SimUFSC 2022.1 - [Einstein Floripa] - Dia 2 - AE,[Einstein Floripa] - SimUFSC 2022.1 (AE - Espanhol),Ágata Cristina Cidade,brasilcursinhos_agata.cristina,27,05,46,errado,121,1,,
SimUFSC 2022.1 - [Einstein Floripa] - Dia 2 - AE,[Einstein Floripa] - SimUFSC 2022.1 (AE - Espanhol),Ágata Cristina Cidade,brasilcursinhos_agata.cristina,28,01,21,errado,414,1,,
SimUFSC 2022.1 - [Einstein Floripa] - Dia 2 - AE,[Einstein Floripa] - SimUFSC 2022.1 (AE - Espanhol),Ágata Cristina Cidade,brasilcursinhos_agata.cristina,29,17,17,certo,81,1,,
SimUFSC 2022.1 - [Einstein Floripa] - Dia 2 - AE,[Einstein Floripa] - SimUFSC 2022.1 (AE - Espanhol),Ágata Cristina Cidade,brasilcursinhos_agata.cristina,30,"0,4 x10 ^-1",25,errado,314,1,,
SimUFSC 2022.1 - [Einstein Floripa] - Dia 2 - AE,[Einstein Floripa] - SimUFSC 2022.1 (AE - Espanhol),Ágata Cristina Cidade,brasilcursinhos_agata.cristina,31,16,81,errado,1451,1,,
SimUFSC 2022.1 - [Einstein Floripa] - Dia 2 - AE,[Einstein Floripa] - SimUFSC 2022.1 (AE - Espanhol),Ágata Cristina Cidade,brasilcursinhos_agata.cristina,32,36,52,errado,740,1,,
SimUFSC 2022.1 - [Einstein Floripa] - Dia 2 - AE,[Einstein Floripa] - SimUFSC 2022.1 (AE - Espanhol),Ágata Cristina Cidade,brasilcursinhos_agata.cristina,33,02,18,errado,149,1,,
SimUFSC 2022.1 - [Einstein Floripa] - Dia 2 - AE,[Einstein Floripa] - SimUFSC 2022.1 (AE - Espanhol),Ágata Cristina Cidade,brasilcursinhos_agata.cristina,34,65,25,errado,531,1,,
SimUFSC 2022.1 - [Einstein Floripa] - Dia 2 - AE,[Einstein Floripa] - SimUFSC 2022.1 (AE - Espanhol),Ágata Cristina Cidade,brasilcursinhos_agata.cristina,35,28,12,errado,300,1,,
SimUFSC 2022.1 - [Einstein Floripa] - Dia 2 - AE,[Einstein Floripa] - SimUFSC 2022.1 (AE - Espanhol),Ágata Cristina Cidade,brasilcursinhos_agata.cristina,36,12,31,errado,139,1,,
SimUFSC 2022.1 - [Einstein Floripa] - Dia 2 - AE,[Einstein Floripa] - SimUFSC 2022.1 (AE - Espanhol),Ágata Cristina Cidade,brasilcursinhos_agata.cristina,37,64,98,errado,201,1,,
SimUFSC 2022.1 - [Einstein Floripa] - Dia 2 - AE,[Einstein Floripa] - SimUFSC 2022.1 (AE - Espanhol),Ágata Cristina Cidade,brasilcursinhos_agata.cristina,38,64,74,errado,248,1,,
SimUFSC 2022.1 - [Einstein Floripa] - Dia 2 - AE,[Einstein Floripa] - SimUFSC 2022.1 (AE - Espanhol),Ágata Cristina Cidade,brasilcursinhos_agata.cristina,39,01,3,errado,82,1,,
SimUFSC 2022.1 - [Einstein Floripa] - Dia 2 - AE,[Einstein Floripa] - SimUFSC 2022.1 (AE - Espanhol),Ágata Cristina Cidade,brasilcursinhos_agata.cristina,40,16,20,errado,334,1,,
SimUFSC 2022.1 - [Einstein Floripa] - Dia 2 - AE,[Einstein Floripa] - SimUFSC 2022.1 (AE - Espanhol),Emanuelli Marques de Souza,brasilcursinhos_emanuelli.marques,1,06,14,errado,313,"1,25",,
SimUFSC 2022.1 - [Einstein Floripa] - Dia 2 - AE,[Einstein Floripa] - SimUFSC 2022.1 (AE - Espanhol),Emanuelli Marques de Souza,brasilcursinhos_emanuelli.marques,2,10,30,errado,114,"1,25",,
SimUFSC 2022.1 - [Einstein Floripa] - Dia 2 - AE,[Einstein Floripa] - SimUFSC 2022.1 (AE - Espanhol),Emanuelli Marques de Souza,brasilcursinhos_emanuelli.marques,3,12,14,errado,206,"1,25",,
SimUFSC 2022.1 - [Einstein Floripa] - Dia 2 - AE,[Einstein Floripa] - SimUFSC 2022.1 (AE - Espanhol),Emanuelli Marques de Souza,brasilcursinhos_emanuelli.marques,4,04,28,errado,367,"1,25",,
SimUFSC 2022.1 - [Einstein Floripa] - Dia 2 - AE,[Einstein Floripa] - SimUFSC 2022.1 (AE - Espanhol),Emanuelli Marques de Souza,brasilcursinhos_emanuelli.marques,5,20,22,errado,98,"1,25",,
SimUFSC 2022.1 - [Einstein Floripa] - Dia 2 - AE,[Einstein Floripa] - SimUFSC 2022.1 (AE - Espanhol),Emanuelli Marques de Souza,brasilcursinhos_emanuelli.marques,6,04,33,errado,604,"1,25",,
SimUFSC 2022.1 - [Einstein Floripa] - Dia 2 - AE,[Einstein Floripa] - SimUFSC 2022.1 (AE - Espanhol),Emanuelli Marques de Souza,brasilcursinhos_emanuelli.marques,7,32,25,errado,375,"1,25",,
SimUFSC 2022.1 - [Einstein Floripa] - Dia 2 - AE,[Einstein Floripa] - SimUFSC 2022.1 (AE - Espanhol),Emanuelli Marques de Souza,brasilcursinhos_emanuelli.marques,8,10,43,errado,106,"1,25",,
SimUFSC 2022.1 - [Einstein Floripa] - Dia 2 - AE,[Einstein Floripa] - SimUFSC 2022.1 (AE - Espanhol),Emanuelli Marques de Souza,brasilcursinhos_emanuelli.marques,9,32,13,errado,57,"1,42857",,
SimUFSC 2022.1 - [Einstein Floripa] - Dia 2 - AE,[Einstein Floripa] - SimUFSC 2022.1 (AE - Espanhol),Emanuelli Marques de Souza,brasilcursinhos_emanuelli.marques,10,02,01,errado,92,"1,42857",,
SimUFSC 2022.1 - [Einstein Floripa] - Dia 2 - AE,[Einstein Floripa] - SimUFSC 2022.1 (AE - Espanhol),Emanuelli Marques de Souza,brasilcursinhos_emanuelli.marques,11,32,48,errado,239,"1,42857",,
SimUFSC 2022.1 - [Einstein Floripa] - Dia 2 - AE,[Einstein Floripa] - SimUFSC 2022.1 (AE - Espanhol),Emanuelli Marques de Souza,brasilcursinhos_emanuelli.marques,12,01,85,errado,215,"1,42857",,
SimUFSC 2022.1 - [Einstein Floripa] - Dia 2 - AE,[Einstein Floripa] - SimUFSC 2022.1 (AE - Espanhol),Emanuelli Marques de Souza,brasilcursinhos_emanuelli.marques,13,06,54.,errado,92,"1,42857",,
SimUFSC 2022.1 - [Einstein Floripa] - Dia 2 - AE,[Einstein Floripa] - SimUFSC 2022.1 (AE - Espanhol),Emanuelli Marques de Souza,brasilcursinhos_emanuelli.marques,14,08,76.,errado,226,"1,42857",,
SimUFSC 2022.1 - [Einstein Floripa] - Dia 2 - AE,[Einstein Floripa] - SimUFSC 2022.1 (AE - Espanhol),Emanuelli Marques de Souza,brasilcursinhos_emanuelli.marques,15,09,92.,errado,458,"1,42858",,
SimUFSC 2022.1 - [Einstein Floripa] - Dia 2 - AE,[Einstein Floripa] - SimUFSC 2022.1 (AE - Espanhol),Emanuelli Marques de Souza,brasilcursinhos_emanuelli.marques,16,02,38,errado,62,"2,5",,
SimUFSC 2022.1 - [Einstein Floripa] - Dia 2 - AE,[Einstein Floripa] - SimUFSC 2022.1 (AE - Espanhol),Emanuelli Marques de Souza,brasilcursinhos_emanuelli.marques,17,09,25,errado,70,"2,5",,
SimUFSC 2022.1 - [Einstein Floripa] - Dia 2 - AE,[Einstein Floripa] - SimUFSC 2022.1 (AE - Espanhol),Emanuelli Marques de Souza,brasilcursinhos_emanuelli.marques,18,24,41,errado,271,"2,5",,
SimUFSC 2022.1 - [Einstein Floripa] - Dia 2 - AE,[Einstein Floripa] - SimUFSC 2022.1 (AE - Espanhol),Emanuelli Marques de Souza,brasilcursinhos_emanuelli.marques,19,24,23,errado,167,"2,5",,
SimUFSC 2022.1 - [Einstein Floripa] - Dia 2 - AE,[Einstein Floripa] - SimUFSC 2022.1 (AE - Espanhol),Emanuelli Marques de Souza,brasilcursinhos_emanuelli.marques,20,<p>Ok</p>,,não corrigido,6,10,,
SimUFSC 2022.1 - [Einstein Floripa] - Dia 2 - AE,[Einstein Floripa] - SimUFSC 2022.1 (AE - Espanhol),Emanuelli Marques de Souza,brasilcursinhos_emanuelli.marques,21,08,81,errado,8,1,,
SimUFSC 2022.1 - [Einstein Floripa] - Dia 2 - AE,[Einstein Floripa] - SimUFSC 2022.1 (AE - Espanhol),Emanuelli Marques de Souza,brasilcursinhos_emanuelli.marques,22,02,39,errado,125,1,,
SimUFSC 2022.1 - [Einstein Floripa] - Dia 2 - AE,[Einstein Floripa] - SimUFSC 2022.1 (AE - Espanhol),Emanuelli Marques de Souza,brasilcursinhos_emanuelli.marques,23,04,42,errado,9,1,,
SimUFSC 2022.1 - [Einstein Floripa] - Dia 2 - AE,[Einstein Floripa] - SimUFSC 2022.1 (AE - Espanhol),Emanuelli Marques de Souza,brasilcursinhos_emanuelli.marques,24,08,53,errado,57,1,,
SimUFSC 2022.1 - [Einstein Floripa] - Dia 2 - AE,[Einstein Floripa] - SimUFSC 2022.1 (AE - Espanhol),Emanuelli Marques de Souza,brasilcursinhos_emanuelli.marques,25,02,09,errado,29,1,,
SimUFSC 2022.1 - [Einstein Floripa] - Dia 2 - AE,[Einstein Floripa] - SimUFSC 2022.1 (AE - Espanhol),Emanuelli Marques de Souza,brasilcursinhos_emanuelli.marques,26,16,11,errado,26,1,,
SimUFSC 2022.1 - [Einstein Floripa] - Dia 2 - AE,[Einstein Floripa] - SimUFSC 2022.1 (AE - Espanhol),Emanuelli Marques de Souza,brasilcursinhos_emanuelli.marques,27,01,46,errado,103,1,,
SimUFSC 2022.1 - [Einstein Floripa] - Dia 2 - AE,[Einstein Floripa] - SimUFSC 2022.1 (AE - Espanhol),Emanuelli Marques de Souza,brasilcursinhos_emanuelli.marques,28,08,21,errado,16,1,,
SimUFSC 2022.1 - [Einstein Floripa] - Dia 2 - AE,[Einstein Floripa] - SimUFSC 2022.1 (AE - Espanhol),Emanuelli Marques de Souza,brasilcursinhos_emanuelli.marques,29,16,17,errado,72,1,,
SimUFSC 2022.1 - [Einstein Floripa] - Dia 2 - AE,[Einstein Floripa] - SimUFSC 2022.1 (AE - Espanhol),Emanuelli Marques de Souza,brasilcursinhos_emanuelli.marques,30,,25,errado,2,1,,
SimUFSC 2022.1 - [Einstein Floripa] - Dia 2 - AE,[Einstein Floripa] - SimUFSC 2022.1 (AE - Espanhol),Emanuelli Marques de Souza,brasilcursinhos_emanuelli.marques,31,16,81,errado,111,1,,
SimUFSC 2022.1 - [Einstein Floripa] - Dia 2 - AE,[Einstein Floripa] - SimUFSC 2022.1 (AE - Espanhol),Emanuelli Marques de Souza,brasilcursinhos_emanuelli.marques,32,32,52,errado,5,1,,
SimUFSC 2022.1 - [Einstein Floripa] - Dia 2 - AE,[Einstein Floripa] - SimUFSC 2022.1 (AE - Espanhol),Emanuelli Marques de Souza,brasilcursinhos_emanuelli.marques,33,16,18,errado,20,1,,
SimUFSC 2022.1 - [Einstein Floripa] - Dia 2 - AE,[Einstein Floripa] - SimUFSC 2022.1 (AE - Espanhol),Emanuelli Marques de Souza,brasilcursinhos_emanuelli.marques,34,02,25,errado,103,1,,
SimUFSC 2022.1 - [Einstein Floripa] - Dia 2 - AE,[Einstein Floripa] - SimUFSC 2022.1 (AE - Espanhol),Emanuelli Marques de Souza,brasilcursinhos_emanuelli.marques,35,02,12,errado,19,1,,
SimUFSC 2022.1 - [Einstein Floripa] - Dia 2 - AE,[Einstein Floripa] - SimUFSC 2022.1 (AE - Espanhol),Emanuelli Marques de Souza,brasilcursinhos_emanuelli.marques,36,32,31,errado,15,1,,
SimUFSC 2022.1 - [Einstein Floripa] - Dia 2 - AE,[Einstein Floripa] - SimUFSC 2022.1 (AE - Espanhol),Emanuelli Marques de Souza,brasilcursinhos_emanuelli.marques,37,32,98,errado,76,1,,
SimUFSC 2022.1 - [Einstein Floripa] - Dia 2 - AE,[Einstein Floripa] - SimUFSC 2022.1 (AE - Espanhol),Emanuelli Marques de Souza,brasilcursinhos_emanuelli.marques,38,01,74,errado,10,1,,
SimUFSC 2022.1 - [Einstein Floripa] - Dia 2 - AE,[Einstein Floripa] - SimUFSC 2022.1 (AE - Espanhol),Emanuelli Marques de Souza,brasilcursinhos_emanuelli.marques,39,08,3,errado,11,1,,
SimUFSC 2022.1 - [Einstein Floripa] - Dia 2 - AE,[Einstein Floripa] - SimUFSC 2022.1 (AE - Espanhol),Emanuelli Marques de Souza,brasilcursinhos_emanuelli.marques,40,16,20,errado,9,1,,
SimUFSC 2022.1 - [Einstein Floripa] - Dia 2 - AE,[Einstein Floripa] - SimUFSC 2022.1 (AE - Espanhol),Raquel Freire de Jesus,brasilcursinhos_raquel.freire,1,06,14,errado,388,"1,25",,
SimUFSC 2022.1 - [Einstein Floripa] - Dia 2 - AE,[Einstein Floripa] - SimUFSC 2022.1 (AE - Espanhol),Raquel Freire de Jesus,brasilcursinhos_raquel.freire,2,14,30,errado,45,"1,25",,
SimUFSC 2022.1 - [Einstein Floripa] - Dia 2 - AE,[Einstein Floripa] - SimUFSC 2022.1 (AE - Espanhol),Raquel Freire de Jesus,brasilcursinhos_raquel.freire,3,28,14,errado,116,"1,25",,
SimUFSC 2022.1 - [Einstein Floripa] - Dia 2 - AE,[Einstein Floripa] - SimUFSC 2022.1 (AE - Espanhol),Raquel Freire de Jesus,brasilcursinhos_raquel.freire,4,32,28,errado,361,"1,25",,
SimUFSC 2022.1 - [Einstein Floripa] - Dia 2 - AE,[Einstein Floripa] - SimUFSC 2022.1 (AE - Espanhol),Raquel Freire de Jesus,brasilcursinhos_raquel.freire,5,22,22,certo,61,"1,25",,
SimUFSC 2022.1 - [Einstein Floripa] - Dia 2 - AE,[Einstein Floripa] - SimUFSC 2022.1 (AE - Espanhol),Raquel Freire de Jesus,brasilcursinhos_raquel.freire,6,01,33,errado,260,"1,25",,
SimUFSC 2022.1 - [Einstein Floripa] - Dia 2 - AE,[Einstein Floripa] - SimUFSC 2022.1 (AE - Espanhol),Raquel Freire de Jesus,brasilcursinhos_raquel.freire,7,33,25,errado,213,"1,25",,
SimUFSC 2022.1 - [Einstein Floripa] - Dia 2 - AE,[Einstein Floripa] - SimUFSC 2022.1 (AE - Espanhol),Raquel Freire de Jesus,brasilcursinhos_raquel.freire,8,16,43,errado,123,"1,25",,
SimUFSC 2022.1 - [Einstein Floripa] - Dia 2 - AE,[Einstein Floripa] - SimUFSC 2022.1 (AE - Espanhol),Raquel Freire de Jesus,brasilcursinhos_raquel.freire,9,17,13,errado,138,"1,42857",,
SimUFSC 2022.1 - [Einstein Floripa] - Dia 2 - AE,[Einstein Floripa] - SimUFSC 2022.1 (AE - Espanhol),Raquel Freire de Jesus,brasilcursinhos_raquel.freire,10,02,01,errado,171,"1,42857",,
SimUFSC 2022.1 - [Einstein Floripa] - Dia 2 - AE,[Einstein Floripa] - SimUFSC 2022.1 (AE - Espanhol),Raquel Freire de Jesus,brasilcursinhos_raquel.freire,11,32,48,errado,98,"1,42857",,
SimUFSC 2022.1 - [Einstein Floripa] - Dia 2 - AE,[Einstein Floripa] - SimUFSC 2022.1 (AE - Espanhol),Raquel Freire de Jesus,brasilcursinhos_raquel.freire,12,22,85,errado,114,"1,42857",,
SimUFSC 2022.1 - [Einstein Floripa] - Dia 2 - AE,[Einstein Floripa] - SimUFSC 2022.1 (AE - Espanhol),Raquel Freire de Jesus,brasilcursinhos_raquel.freire,13,06,54.,errado,196,"1,42857",,
SimUFSC 2022.1 - [Einstein Floripa] - Dia 2 - AE,[Einstein Floripa] - SimUFSC 2022.1 (AE - Espanhol),Raquel Freire de Jesus,brasilcursinhos_raquel.freire,14,64,76.,errado,115,"1,42857",,
SimUFSC 2022.1 - [Einstein Floripa] - Dia 2 - AE,[Einstein Floripa] - SimUFSC 2022.1 (AE - Espanhol),Raquel Freire de Jesus,brasilcursinhos_raquel.freire,15,13,92.,errado,80,"1,42858",,
SimUFSC 2022.1 - [Einstein Floripa] - Dia 2 - AE,[Einstein Floripa] - SimUFSC 2022.1 (AE - Espanhol),Raquel Freire de Jesus,brasilcursinhos_raquel.freire,16,38,38,certo,277,"2,5",,
SimUFSC 2022.1 - [Einstein Floripa] - Dia 2 - AE,[Einstein Floripa] - SimUFSC 2022.1 (AE - Espanhol),Raquel Freire de Jesus,brasilcursinhos_raquel.freire,17,16,25,errado,25,"2,5",,
SimUFSC 2022.1 - [Einstein Floripa] - Dia 2 - AE,[Einstein Floripa] - SimUFSC 2022.1 (AE - Espanhol),Raquel Freire de Jesus,brasilcursinhos_raquel.freire,18,24,41,errado,394,"2,5",,
SimUFSC 2022.1 - [Einstein Floripa] - Dia 2 - AE,[Einstein Floripa] - SimUFSC 2022.1 (AE - Espanhol),Raquel Freire de Jesus,brasilcursinhos_raquel.freire,19,24,23,errado,331,"2,5",,
SimUFSC 2022.1 - [Einstein Floripa] - Dia 2 - AE,[Einstein Floripa] - SimUFSC 2022.1 (AE - Espanhol),Raquel Freire de Jesus,brasilcursinhos_raquel.freire,20,"<p><span style=""font-size: 12pt;"">OK</span></p>",,não corrigido,13,10,,
SimUFSC 2022.1 - [Einstein Floripa] - Dia 2 - AE,[Einstein Floripa] - SimUFSC 2022.1 (AE - Espanhol),Raquel Freire de Jesus,brasilcursinhos_raquel.freire,21,08,81,errado,598,1,,
SimUFSC 2022.1 - [Einstein Floripa] - Dia 2 - AE,[Einstein Floripa] - SimUFSC 2022.1 (AE - Espanhol),Raquel Freire de Jesus,brasilcursinhos_raquel.freire,22,04,39,errado,351,1,,
SimUFSC 2022.1 - [Einstein Floripa] - Dia 2 - AE,[Einstein Floripa] - SimUFSC 2022.1 (AE - Espanhol),Raquel Freire de Jesus,brasilcursinhos_raquel.freire,23,36,42,errado,251,1,,
SimUFSC 2022.1 - [Einstein Floripa] - Dia 2 - AE,[Einstein Floripa] - SimUFSC 2022.1 (AE - Espanhol),Raquel Freire de Jesus,brasilcursinhos_raquel.freire,24,16,53,errado,381,1,,
SimUFSC 2022.1 - [Einstein Floripa] - Dia 2 - AE,[Einstein Floripa] - SimUFSC 2022.1 (AE - Espanhol),Raquel Freire de Jesus,brasilcursinhos_raquel.freire,25,02,09,errado,54,1,,
SimUFSC 2022.1 - [Einstein Floripa] - Dia 2 - AE,[Einstein Floripa] - SimUFSC 2022.1 (AE - Espanhol),Raquel Freire de Jesus,brasilcursinhos_raquel.freire,26,02,11,errado,208,1,,
SimUFSC 2022.1 - [Einstein Floripa] - Dia 2 - AE,[Einstein Floripa] - SimUFSC 2022.1 (AE - Espanhol),Raquel Freire de Jesus,brasilcursinhos_raquel.freire,27,03,46,errado,41,1,,
SimUFSC 2022.1 - [Einstein Floripa] - Dia 2 - AE,[Einstein Floripa] - SimUFSC 2022.1 (AE - Espanhol),Raquel Freire de Jesus,brasilcursinhos_raquel.freire,28,02,21,errado,19,1,,
SimUFSC 2022.1 - [Einstein Floripa] - Dia 2 - AE,[Einstein Floripa] - SimUFSC 2022.1 (AE - Espanhol),Raquel Freire de Jesus,brasilcursinhos_raquel.freire,29,04,17,errado,297,1,,
SimUFSC 2022.1 - [Einstein Floripa] - Dia 2 - AE,[Einstein Floripa] - SimUFSC 2022.1 (AE - Espanhol),Raquel Freire de Jesus,brasilcursinhos_raquel.freire,30,17,25,errado,124,1,,
SimUFSC 2022.1 - [Einstein Floripa] - Dia 2 - AE,[Einstein Floripa] - SimUFSC 2022.1 (AE - Espanhol),Raquel Freire de Jesus,brasilcursinhos_raquel.freire,31,64,81,errado,764,1,,
SimUFSC 2022.1 - [Einstein Floripa] - Dia 2 - AE,[Einstein Floripa] - SimUFSC 2022.1 (AE - Espanhol),Raquel Freire de Jesus,brasilcursinhos_raquel.freire,32,02,52,errado,279,1,,
SimUFSC 2022.1 - [Einstein Floripa] - Dia 2 - AE,[Einstein Floripa] - SimUFSC 2022.1 (AE - Espanhol),Raquel Freire de Jesus,brasilcursinhos_raquel.freire,33,01,18,errado,769,1,,
SimUFSC 2022.1 - [Einstein Floripa] - Dia 2 - AE,[Einstein Floripa] - SimUFSC 2022.1 (AE - Espanhol),Raquel Freire de Jesus,brasilcursinhos_raquel.freire,34,16,25,errado,282,1,,
SimUFSC 2022.1 - [Einstein Floripa] - Dia 2 - AE,[Einstein Floripa] - SimUFSC 2022.1 (AE - Espanhol),Raquel Freire de Jesus,brasilcursinhos_raquel.freire,35,20,12,errado,242,1,,
SimUFSC 2022.1 - [Einstein Floripa] - Dia 2 - AE,[Einstein Floripa] - SimUFSC 2022.1 (AE - Espanhol),Raquel Freire de Jesus,brasilcursinhos_raquel.freire,36,23,31,errado,333,1,,
SimUFSC 2022.1 - [Einstein Floripa] - Dia 2 - AE,[Einstein Floripa] - SimUFSC 2022.1 (AE - Espanhol),Raquel Freire de Jesus,brasilcursinhos_raquel.freire,37,96,98,errado,111,1,,
SimUFSC 2022.1 - [Einstein Floripa] - Dia 2 - AE,[Einstein Floripa] - SimUFSC 2022.1 (AE - Espanhol),Raquel Freire de Jesus,brasilcursinhos_raquel.freire,38,01,74,errado,498,1,,
SimUFSC 2022.1 - [Einstein Floripa] - Dia 2 - AE,[Einstein Floripa] - SimUFSC 2022.1 (AE - Espanhol),Raquel Freire de Jesus,brasilcursinhos_raquel.freire,39,01,3,errado,200,1,,
SimUFSC 2022.1 - [Einstein Floripa] - Dia 2 - AE,[Einstein Floripa] - SimUFSC 2022.1 (AE - Espanhol),Raquel Freire de Jesus,brasilcursinhos_raquel.freire,40,09,20,errado,196,1,,
SimUFSC 2022.1 - [Einstein Floripa] - Dia 2 - AE,[Einstein Floripa] - SimUFSC 2022.1 (AE - Inglês),Ana Clara Callado Chaplin,brasilcursinhos_ana.clara,1,,14,errado,62,"1,25",,
SimUFSC 2022.1 - [Einstein Floripa] - Dia 2 - AE,[Einstein Floripa] - SimUFSC 2022.1 (AE - Inglês),Ana Clara Callado Chaplin,brasilcursinhos_ana.clara,2,,30,errado,0,"1,25",,
SimUFSC 2022.1 - [Einstein Floripa] - Dia 2 - AE,[Einstein Floripa] - SimUFSC 2022.1 (AE - Inglês),Ana Clara Callado Chaplin,brasilcursinhos_ana.clara,3,,14,errado,0,"1,25",,
SimUFSC 2022.1 - [Einstein Floripa] - Dia 2 - AE,[Einstein Floripa] - SimUFSC 2022.1 (AE - Inglês),Ana Clara Callado Chaplin,brasilcursinhos_ana.clara,4,,28,errado,0,"1,25",,
SimUFSC 2022.1 - [Einstein Floripa] - Dia 2 - AE,[Einstein Floripa] - SimUFSC 2022.1 (AE - Inglês),Ana Clara Callado Chaplin,brasilcursinhos_ana.clara,5,,22,errado,0,"1,25",,
SimUFSC 2022.1 - [Einstein Floripa] - Dia 2 - AE,[Einstein Floripa] - SimUFSC 2022.1 (AE - Inglês),Ana Clara Callado Chaplin,brasilcursinhos_ana.clara,6,,33,errado,0,"1,25",,
SimUFSC 2022.1 - [Einstein Floripa] - Dia 2 - AE,[Einstein Floripa] - SimUFSC 2022.1 (AE - Inglês),Ana Clara Callado Chaplin,brasilcursinhos_ana.clara,7,,25,errado,0,"1,25",,
SimUFSC 2022.1 - [Einstein Floripa] - Dia 2 - AE,[Einstein Floripa] - SimUFSC 2022.1 (AE - Inglês),Ana Clara Callado Chaplin,brasilcursinhos_ana.clara,8,,43,errado,0,"1,25",,
SimUFSC 2022.1 - [Einstein Floripa] - Dia 2 - AE,[Einstein Floripa] - SimUFSC 2022.1 (AE - Inglês),Ana Clara Callado Chaplin,brasilcursinhos_ana.clara,9,,13,errado,84,"1,42857",,
SimUFSC 2022.1 - [Einstein Floripa] - Dia 2 - AE,[Einstein Floripa] - SimUFSC 2022.1 (AE - Inglês),Ana Clara Callado Chaplin,brasilcursinhos_ana.clara,10,,01,errado,0,"1,42857",,
SimUFSC 2022.1 - [Einstein Floripa] - Dia 2 - AE,[Einstein Floripa] - SimUFSC 2022.1 (AE - Inglês),Ana Clara Callado Chaplin,brasilcursinhos_ana.clara,11,,48,errado,0,"1,42857",,
SimUFSC 2022.1 - [Einstein Floripa] - Dia 2 - AE,[Einstein Floripa] - SimUFSC 2022.1 (AE - Inglês),Ana Clara Callado Chaplin,brasilcursinhos_ana.clara,12,,85,errado,0,"1,42857",,
SimUFSC 2022.1 - [Einstein Floripa] - Dia 2 - AE,[Einstein Floripa] - SimUFSC 2022.1 (AE - Inglês),Ana Clara Callado Chaplin,brasilcursinhos_ana.clara,13,,54.,errado,0,"1,42857",,
SimUFSC 2022.1 - [Einstein Floripa] - Dia 2 - AE,[Einstein Floripa] - SimUFSC 2022.1 (AE - Inglês),Ana Clara Callado Chaplin,brasilcursinhos_ana.clara,14,,76.,errado,0,"1,42857",,
SimUFSC 2022.1 - [Einstein Floripa] - Dia 2 - AE,[Einstein Floripa] - SimUFSC 2022.1 (AE - Inglês),Ana Clara Callado Chaplin,brasilcursinhos_ana.clara,15,,92.,errado,0,"1,42858",,
SimUFSC 2022.1 - [Einstein Floripa] - Dia 2 - AE,[Einstein Floripa] - SimUFSC 2022.1 (AE - Inglês),Ana Clara Callado Chaplin,brasilcursinhos_ana.clara,16,,38,errado,37,"2,5",,
SimUFSC 2022.1 - [Einstein Floripa] - Dia 2 - AE,[Einstein Floripa] - SimUFSC 2022.1 (AE - Inglês),Ana Clara Callado Chaplin,brasilcursinhos_ana.clara,17,,25,errado,0,"2,5",,
SimUFSC 2022.1 - [Einstein Floripa] - Dia 2 - AE,[Einstein Floripa] - SimUFSC 2022.1 (AE - Inglês),Ana Clara Callado Chaplin,brasilcursinhos_ana.clara,18,,41,errado,0,"2,5",,
SimUFSC 2022.1 - [Einstein Floripa] - Dia 2 - AE,[Einstein Floripa] - SimUFSC 2022.1 (AE - Inglês),Ana Clara Callado Chaplin,brasilcursinhos_ana.clara,19,,23,errado,0,"2,5",,
SimUFSC 2022.1 - [Einstein Floripa] - Dia 2 - AE,[Einstein Floripa] - SimUFSC 2022.1 (AE - Inglês),Ana Clara Callado Chaplin,brasilcursinhos_ana.clara,20,"<p><span style=""font-size: 12pt;""><span class=""ql-cursor"">﻿</span></span></p>",,não corrigido,13,10,,
SimUFSC 2022.1 - [Einstein Floripa] - Dia 2 - AE,[Einstein Floripa] - SimUFSC 2022.1 (AE - Inglês),Ana Clara Callado Chaplin,brasilcursinhos_ana.clara,21,,81,errado,0,1,,
SimUFSC 2022.1 - [Einstein Floripa] - Dia 2 - AE,[Einstein Floripa] - SimUFSC 2022.1 (AE - Inglês),Ana Clara Callado Chaplin,brasilcursinhos_ana.clara,22,,39,errado,0,1,,
SimUFSC 2022.1 - [Einstein Floripa] - Dia 2 - AE,[Einstein Floripa] - SimUFSC 2022.1 (AE - Inglês),Ana Clara Callado Chaplin,brasilcursinhos_ana.clara,23,,42,errado,0,1,,
SimUFSC 2022.1 - [Einstein Floripa] - Dia 2 - AE,[Einstein Floripa] - SimUFSC 2022.1 (AE - Inglês),Ana Clara Callado Chaplin,brasilcursinhos_ana.clara,24,,53,errado,0,1,,
SimUFSC 2022.1 - [Einstein Floripa] - Dia 2 - AE,[Einstein Floripa] - SimUFSC 2022.1 (AE - Inglês),Ana Clara Callado Chaplin,brasilcursinhos_ana.clara,25,,09,errado,0,1,,
SimUFSC 2022.1 - [Einstein Floripa] - Dia 2 - AE,[Einstein Floripa] - SimUFSC 2022.1 (AE - Inglês),Ana Clara Callado Chaplin,brasilcursinhos_ana.clara,26,,11,errado,0,1,,
SimUFSC 2022.1 - [Einstein Floripa] - Dia 2 - AE,[Einstein Floripa] - SimUFSC 2022.1 (AE - Inglês),Ana Clara Callado Chaplin,brasilcursinhos_ana.clara,27,,46,errado,0,1,,
SimUFSC 2022.1 - [Einstein Floripa] - Dia 2 - AE,[Einstein Floripa] - SimUFSC 2022.1 (AE - Inglês),Ana Clara Callado Chaplin,brasilcursinhos_ana.clara,28,,21,errado,0,1,,
SimUFSC 2022.1 - [Einstein Floripa] - Dia 2 - AE,[Einstein Floripa] - SimUFSC 2022.1 (AE - Inglês),Ana Clara Callado Chaplin,brasilcursinhos_ana.clara,29,,17,errado,0,1,,
SimUFSC 2022.1 - [Einstein Floripa] - Dia 2 - AE,[Einstein Floripa] - SimUFSC 2022.1 (AE - Inglês),Ana Clara Callado Chaplin,brasilcursinhos_ana.clara,30,,25,errado,0,1,,
SimUFSC 2022.1 - [Einstein Floripa] - Dia 2 - AE,[Einstein Floripa] - SimUFSC 2022.1 (AE - Inglês),Ana Clara Callado Chaplin,brasilcursinhos_ana.clara,31,,81,errado,4,1,,
SimUFSC 2022.1 - [Einstein Floripa] - Dia 2 - AE,[Einstein Floripa] - SimUFSC 2022.1 (AE - Inglês),Ana Clara Callado Chaplin,brasilcursinhos_ana.clara,32,,52,errado,14,1,,
SimUFSC 2022.1 - [Einstein Floripa] - Dia 2 - AE,[Einstein Floripa] - SimUFSC 2022.1 (AE - Inglês),Ana Clara Callado Chaplin,brasilcursinhos_ana.clara,33,,18,errado,179,1,,
SimUFSC 2022.1 - [Einstein Floripa] - Dia 2 - AE,[Einstein Floripa] - SimUFSC 2022.1 (AE - Inglês),Ana Clara Callado Chaplin,brasilcursinhos_ana.clara,34,,25,errado,8,1,,
SimUFSC 2022.1 - [Einstein Floripa] - Dia 2 - AE,[Einstein Floripa] - SimUFSC 2022.1 (AE - Inglês),Ana Clara Callado Chaplin,brasilcursinhos_ana.clara,35,,12,errado,4,1,,
SimUFSC 2022.1 - [Einstein Floripa] - Dia 2 - AE,[Einstein Floripa] - SimUFSC 2022.1 (AE - Inglês),Ana Clara Callado Chaplin,brasilcursinhos_ana.clara,36,,31,errado,57,1,,
SimUFSC 2022.1 - [Einstein Floripa] - Dia 2 - AE,[Einstein Floripa] - SimUFSC 2022.1 (AE - Inglês),Ana Clara Callado Chaplin,brasilcursinhos_ana.clara,37,98,98,certo,415,1,,
SimUFSC 2022.1 - [Einstein Floripa] - Dia 2 - AE,[Einstein Floripa] - SimUFSC 2022.1 (AE - Inglês),Ana Clara Callado Chaplin,brasilcursinhos_ana.clara,38,,74,errado,0,1,,
SimUFSC 2022.1 - [Einstein Floripa] - Dia 2 - AE,[Einstein Floripa] - SimUFSC 2022.1 (AE - Inglês),Ana Clara Callado Chaplin,brasilcursinhos_ana.clara,39,,3,errado,0,1,,
SimUFSC 2022.1 - [Einstein Floripa] - Dia 2 - AE,[Einstein Floripa] - SimUFSC 2022.1 (AE - Inglês),Ana Clara Callado Chaplin,brasilcursinhos_ana.clara,40,,20,errado,0,1,,
SimUFSC 2022.1 - [Einstein Floripa] - Dia 2 - AE,[Einstein Floripa] - SimUFSC 2022.1 (AE - Inglês),Isabella Pacheco Silveira,brasilcursinhos_isabella.pacheco,1,02,14,errado,517,"1,25",,
SimUFSC 2022.1 - [Einstein Floripa] - Dia 2 - AE,[Einstein Floripa] - SimUFSC 2022.1 (AE - Inglês),Isabella Pacheco Silveira,brasilcursinhos_isabella.pacheco,2,26,30,errado,352,"1,25",,
SimUFSC 2022.1 - [Einstein Floripa] - Dia 2 - AE,[Einstein Floripa] - SimUFSC 2022.1 (AE - Inglês),Isabella Pacheco Silveira,brasilcursinhos_isabella.pacheco,3,28,14,errado,101,"1,25",,
SimUFSC 2022.1 - [Einstein Floripa] - Dia 2 - AE,[Einstein Floripa] - SimUFSC 2022.1 (AE - Inglês),Isabella Pacheco Silveira,brasilcursinhos_isabella.pacheco,4,02,28,errado,175,"1,25",,
SimUFSC 2022.1 - [Einstein Floripa] - Dia 2 - AE,[Einstein Floripa] - SimUFSC 2022.1 (AE - Inglês),Isabella Pacheco Silveira,brasilcursinhos_isabella.pacheco,5,20,22,errado,84,"1,25",,
SimUFSC 2022.1 - [Einstein Floripa] - Dia 2 - AE,[Einstein Floripa] - SimUFSC 2022.1 (AE - Inglês),Isabella Pacheco Silveira,brasilcursinhos_isabella.pacheco,6,04,33,errado,127,"1,25",,
SimUFSC 2022.1 - [Einstein Floripa] - Dia 2 - AE,[Einstein Floripa] - SimUFSC 2022.1 (AE - Inglês),Isabella Pacheco Silveira,brasilcursinhos_isabella.pacheco,7,32,25,errado,104,"1,25",,
SimUFSC 2022.1 - [Einstein Floripa] - Dia 2 - AE,[Einstein Floripa] - SimUFSC 2022.1 (AE - Inglês),Isabella Pacheco Silveira,brasilcursinhos_isabella.pacheco,8,01,43,errado,247,"1,25",,
SimUFSC 2022.1 - [Einstein Floripa] - Dia 2 - AE,[Einstein Floripa] - SimUFSC 2022.1 (AE - Inglês),Isabella Pacheco Silveira,brasilcursinhos_isabella.pacheco,9,01,13,errado,159,"1,42857",,
SimUFSC 2022.1 - [Einstein Floripa] - Dia 2 - AE,[Einstein Floripa] - SimUFSC 2022.1 (AE - Inglês),Isabella Pacheco Silveira,brasilcursinhos_isabella.pacheco,10,26,01,errado,78,"1,42857",,
SimUFSC 2022.1 - [Einstein Floripa] - Dia 2 - AE,[Einstein Floripa] - SimUFSC 2022.1 (AE - Inglês),Isabella Pacheco Silveira,brasilcursinhos_isabella.pacheco,11,32,48,errado,147,"1,42857",,
SimUFSC 2022.1 - [Einstein Floripa] - Dia 2 - AE,[Einstein Floripa] - SimUFSC 2022.1 (AE - Inglês),Isabella Pacheco Silveira,brasilcursinhos_isabella.pacheco,12,64,85,errado,120,"1,42857",,
SimUFSC 2022.1 - [Einstein Floripa] - Dia 2 - AE,[Einstein Floripa] - SimUFSC 2022.1 (AE - Inglês),Isabella Pacheco Silveira,brasilcursinhos_isabella.pacheco,13,04,54.,errado,150,"1,42857",,
SimUFSC 2022.1 - [Einstein Floripa] - Dia 2 - AE,[Einstein Floripa] - SimUFSC 2022.1 (AE - Inglês),Isabella Pacheco Silveira,brasilcursinhos_isabella.pacheco,14,14,76.,errado,284,"1,42857",,
SimUFSC 2022.1 - [Einstein Floripa] - Dia 2 - AE,[Einstein Floripa] - SimUFSC 2022.1 (AE - Inglês),Isabella Pacheco Silveira,brasilcursinhos_isabella.pacheco,15,64,92.,errado,190,"1,42858",,
SimUFSC 2022.1 - [Einstein Floripa] - Dia 2 - AE,[Einstein Floripa] - SimUFSC 2022.1 (AE - Inglês),Isabella Pacheco Silveira,brasilcursinhos_isabella.pacheco,16,16,38,errado,700,"2,5",,
SimUFSC 2022.1 - [Einstein Floripa] - Dia 2 - AE,[Einstein Floripa] - SimUFSC 2022.1 (AE - Inglês),Isabella Pacheco Silveira,brasilcursinhos_isabella.pacheco,17,16,25,errado,23,"2,5",,
SimUFSC 2022.1 - [Einstein Floripa] - Dia 2 - AE,[Einstein Floripa] - SimUFSC 2022.1 (AE - Inglês),Isabella Pacheco Silveira,brasilcursinhos_isabella.pacheco,18,16,41,errado,335,"2,5",,
SimUFSC 2022.1 - [Einstein Floripa] - Dia 2 - AE,[Einstein Floripa] - SimUFSC 2022.1 (AE - Inglês),Isabella Pacheco Silveira,brasilcursinhos_isabella.pacheco,19,16,23,errado,126,"2,5",,
SimUFSC 2022.1 - [Einstein Floripa] - Dia 2 - AE,[Einstein Floripa] - SimUFSC 2022.1 (AE - Inglês),Isabella Pacheco Silveira,brasilcursinhos_isabella.pacheco,20,"<p><span style=""font-size: 12pt;"">﻿.</span></p>",,não corrigido,27,10,,
SimUFSC 2022.1 - [Einstein Floripa] - Dia 2 - AE,[Einstein Floripa] - SimUFSC 2022.1 (AE - Inglês),Isabella Pacheco Silveira,brasilcursinhos_isabella.pacheco,21,26,81,errado,415,1,,
SimUFSC 2022.1 - [Einstein Floripa] - Dia 2 - AE,[Einstein Floripa] - SimUFSC 2022.1 (AE - Inglês),Isabella Pacheco Silveira,brasilcursinhos_isabella.pacheco,22,32,39,errado,245,1,,
SimUFSC 2022.1 - [Einstein Floripa] - Dia 2 - AE,[Einstein Floripa] - SimUFSC 2022.1 (AE - Inglês),Isabella Pacheco Silveira,brasilcursinhos_isabella.pacheco,23,05,42,errado,79,1,,
SimUFSC 2022.1 - [Einstein Floripa] - Dia 2 - AE,[Einstein Floripa] - SimUFSC 2022.1 (AE - Inglês),Isabella Pacheco Silveira,brasilcursinhos_isabella.pacheco,24,08,53,errado,485,1,,
SimUFSC 2022.1 - [Einstein Floripa] - Dia 2 - AE,[Einstein Floripa] - SimUFSC 2022.1 (AE - Inglês),Isabella Pacheco Silveira,brasilcursinhos_isabella.pacheco,25,16,09,errado,155,1,,
SimUFSC 2022.1 - [Einstein Floripa] - Dia 2 - AE,[Einstein Floripa] - SimUFSC 2022.1 (AE - Inglês),Isabella Pacheco Silveira,brasilcursinhos_isabella.pacheco,26,04,11,errado,431,1,,
SimUFSC 2022.1 - [Einstein Floripa] - Dia 2 - AE,[Einstein Floripa] - SimUFSC 2022.1 (AE - Inglês),Isabella Pacheco Silveira,brasilcursinhos_isabella.pacheco,27,04,46,errado,177,1,,
SimUFSC 2022.1 - [Einstein Floripa] - Dia 2 - AE,[Einstein Floripa] - SimUFSC 2022.1 (AE - Inglês),Isabella Pacheco Silveira,brasilcursinhos_isabella.pacheco,28,14,21,errado,41,1,,
SimUFSC 2022.1 - [Einstein Floripa] - Dia 2 - AE,[Einstein Floripa] - SimUFSC 2022.1 (AE - Inglês),Isabella Pacheco Silveira,brasilcursinhos_isabella.pacheco,29,08,17,errado,28,1,,
SimUFSC 2022.1 - [Einstein Floripa] - Dia 2 - AE,[Einstein Floripa] - SimUFSC 2022.1 (AE - Inglês),Isabella Pacheco Silveira,brasilcursinhos_isabella.pacheco,30,.,25,errado,7,1,,
SimUFSC 2022.1 - [Einstein Floripa] - Dia 2 - AE,[Einstein Floripa] - SimUFSC 2022.1 (AE - Inglês),Isabella Pacheco Silveira,brasilcursinhos_isabella.pacheco,31,04,81,errado,340,1,,
SimUFSC 2022.1 - [Einstein Floripa] - Dia 2 - AE,[Einstein Floripa] - SimUFSC 2022.1 (AE - Inglês),Isabella Pacheco Silveira,brasilcursinhos_isabella.pacheco,32,08,52,errado,49,1,,
SimUFSC 2022.1 - [Einstein Floripa] - Dia 2 - AE,[Einstein Floripa] - SimUFSC 2022.1 (AE - Inglês),Isabella Pacheco Silveira,brasilcursinhos_isabella.pacheco,33,16,18,errado,59,1,,
SimUFSC 2022.1 - [Einstein Floripa] - Dia 2 - AE,[Einstein Floripa] - SimUFSC 2022.1 (AE - Inglês),Isabella Pacheco Silveira,brasilcursinhos_isabella.pacheco,34,16,25,errado,111,1,,
SimUFSC 2022.1 - [Einstein Floripa] - Dia 2 - AE,[Einstein Floripa] - SimUFSC 2022.1 (AE - Inglês),Isabella Pacheco Silveira,brasilcursinhos_isabella.pacheco,35,06,12,errado,84,1,,
SimUFSC 2022.1 - [Einstein Floripa] - Dia 2 - AE,[Einstein Floripa] - SimUFSC 2022.1 (AE - Inglês),Isabella Pacheco Silveira,brasilcursinhos_isabella.pacheco,36,40,31,errado,85,1,,
SimUFSC 2022.1 - [Einstein Floripa] - Dia 2 - AE,[Einstein Floripa] - SimUFSC 2022.1 (AE - Inglês),Isabella Pacheco Silveira,brasilcursinhos_isabella.pacheco,37,32,98,errado,70,1,,
SimUFSC 2022.1 - [Einstein Floripa] - Dia 2 - AE,[Einstein Floripa] - SimUFSC 2022.1 (AE - Inglês),Isabella Pacheco Silveira,brasilcursinhos_isabella.pacheco,38,01,74,errado,33,1,,
SimUFSC 2022.1 - [Einstein Floripa] - Dia 2 - AE,[Einstein Floripa] - SimUFSC 2022.1 (AE - Inglês),Isabella Pacheco Silveira,brasilcursinhos_isabella.pacheco,39,16,3,errado,22,1,,
SimUFSC 2022.1 - [Einstein Floripa] - Dia 2 - AE,[Einstein Floripa] - SimUFSC 2022.1 (AE - Inglês),Isabella Pacheco Silveira,brasilcursinhos_isabella.pacheco,40,26,20,errado,42,1,,
SimUFSC 2022.1 - [Einstein Floripa] - Dia 2 - AE,[Einstein Floripa] - SimUFSC 2022.1 (AE - Inglês),Júlia Maria da Silva,brasilcursinhos_julia.maria,1,,14,errado,,"1,25",,
SimUFSC 2022.1 - [Einstein Floripa] - Dia 2 - AE,[Einstein Floripa] - SimUFSC 2022.1 (AE - Inglês),Júlia Maria da Silva,brasilcursinhos_julia.maria,2,,30,errado,,"1,25",,
SimUFSC 2022.1 - [Einstein Floripa] - Dia 2 - AE,[Einstein Floripa] - SimUFSC 2022.1 (AE - Inglês),Júlia Maria da Silva,brasilcursinhos_julia.maria,3,,14,errado,,"1,25",,
SimUFSC 2022.1 - [Einstein Floripa] - Dia 2 - AE,[Einstein Floripa] - SimUFSC 2022.1 (AE - Inglês),Júlia Maria da Silva,brasilcursinhos_julia.maria,4,,28,errado,,"1,25",,
SimUFSC 2022.1 - [Einstein Floripa] - Dia 2 - AE,[Einstein Floripa] - SimUFSC 2022.1 (AE - Inglês),Júlia Maria da Silva,brasilcursinhos_julia.maria,5,,22,errado,,"1,25",,
SimUFSC 2022.1 - [Einstein Floripa] - Dia 2 - AE,[Einstein Floripa] - SimUFSC 2022.1 (AE - Inglês),Júlia Maria da Silva,brasilcursinhos_julia.maria,6,,33,errado,,"1,25",,
SimUFSC 2022.1 - [Einstein Floripa] - Dia 2 - AE,[Einstein Floripa] - SimUFSC 2022.1 (AE - Inglês),Júlia Maria da Silva,brasilcursinhos_julia.maria,7,,25,errado,,"1,25",,
SimUFSC 2022.1 - [Einstein Floripa] - Dia 2 - AE,[Einstein Floripa] - SimUFSC 2022.1 (AE - Inglês),Júlia Maria da Silva,brasilcursinhos_julia.maria,8,,43,errado,,"1,25",,
SimUFSC 2022.1 - [Einstein Floripa] - Dia 2 - AE,[Einstein Floripa] - SimUFSC 2022.1 (AE - Inglês),Júlia Maria da Silva,brasilcursinhos_julia.maria,9,,13,errado,,"1,42857",,
SimUFSC 2022.1 - [Einstein Floripa] - Dia 2 - AE,[Einstein Floripa] - SimUFSC 2022.1 (AE - Inglês),Júlia Maria da Silva,brasilcursinhos_julia.maria,10,,01,errado,,"1,42857",,
SimUFSC 2022.1 - [Einstein Floripa] - Dia 2 - AE,[Einstein Floripa] - SimUFSC 2022.1 (AE - Inglês),Júlia Maria da Silva,brasilcursinhos_julia.maria,11,,48,errado,,"1,42857",,
SimUFSC 2022.1 - [Einstein Floripa] - Dia 2 - AE,[Einstein Floripa] - SimUFSC 2022.1 (AE - Inglês),Júlia Maria da Silva,brasilcursinhos_julia.maria,12,,85,errado,,"1,42857",,
SimUFSC 2022.1 - [Einstein Floripa] - Dia 2 - AE,[Einstein Floripa] - SimUFSC 2022.1 (AE - Inglês),Júlia Maria da Silva,brasilcursinhos_julia.maria,13,,54.,errado,,"1,42857",,
SimUFSC 2022.1 - [Einstein Floripa] - Dia 2 - AE,[Einstein Floripa] - SimUFSC 2022.1 (AE - Inglês),Júlia Maria da Silva,brasilcursinhos_julia.maria,14,,76.,errado,,"1,42857",,
SimUFSC 2022.1 - [Einstein Floripa] - Dia 2 - AE,[Einstein Floripa] - SimUFSC 2022.1 (AE - Inglês),Júlia Maria da Silva,brasilcursinhos_julia.maria,15,,92.,errado,,"1,42858",,
SimUFSC 2022.1 - [Einstein Floripa] - Dia 2 - AE,[Einstein Floripa] - SimUFSC 2022.1 (AE - Inglês),Júlia Maria da Silva,brasilcursinhos_julia.maria,16,,38,errado,,"2,5",,
SimUFSC 2022.1 - [Einstein Floripa] - Dia 2 - AE,[Einstein Floripa] - SimUFSC 2022.1 (AE - Inglês),Júlia Maria da Silva,brasilcursinhos_julia.maria,17,,25,errado,,"2,5",,
SimUFSC 2022.1 - [Einstein Floripa] - Dia 2 - AE,[Einstein Floripa] - SimUFSC 2022.1 (AE - Inglês),Júlia Maria da Silva,brasilcursinhos_julia.maria,18,,41,errado,,"2,5",,
SimUFSC 2022.1 - [Einstein Floripa] - Dia 2 - AE,[Einstein Floripa] - SimUFSC 2022.1 (AE - Inglês),Júlia Maria da Silva,brasilcursinhos_julia.maria,19,,23,errado,,"2,5",,
SimUFSC 2022.1 - [Einstein Floripa] - Dia 2 - AE,[Einstein Floripa] - SimUFSC 2022.1 (AE - Inglês),Júlia Maria da Silva,brasilcursinhos_julia.maria,20,,,não corrigido,,10,,
SimUFSC 2022.1 - [Einstein Floripa] - Dia 2 - AE,[Einstein Floripa] - SimUFSC 2022.1 (AE - Inglês),Júlia Maria da Silva,brasilcursinhos_julia.maria,21,,81,errado,,1,,
SimUFSC 2022.1 - [Einstein Floripa] - Dia 2 - AE,[Einstein Floripa] - SimUFSC 2022.1 (AE - Inglês),Júlia Maria da Silva,brasilcursinhos_julia.maria,22,,39,errado,,1,,
SimUFSC 2022.1 - [Einstein Floripa] - Dia 2 - AE,[Einstein Floripa] - SimUFSC 2022.1 (AE - Inglês),Júlia Maria da Silva,brasilcursinhos_julia.maria,23,,42,errado,,1,,
SimUFSC 2022.1 - [Einstein Floripa] - Dia 2 - AE,[Einstein Floripa] - SimUFSC 2022.1 (AE - Inglês),Júlia Maria da Silva,brasilcursinhos_julia.maria,24,,53,errado,,1,,
SimUFSC 2022.1 - [Einstein Floripa] - Dia 2 - AE,[Einstein Floripa] - SimUFSC 2022.1 (AE - Inglês),Júlia Maria da Silva,brasilcursinhos_julia.maria,25,,09,errado,,1,,
SimUFSC 2022.1 - [Einstein Floripa] - Dia 2 - AE,[Einstein Floripa] - SimUFSC 2022.1 (AE - Inglês),Júlia Maria da Silva,brasilcursinhos_julia.maria,26,,11,errado,,1,,
SimUFSC 2022.1 - [Einstein Floripa] - Dia 2 - AE,[Einstein Floripa] - SimUFSC 2022.1 (AE - Inglês),Júlia Maria da Silva,brasilcursinhos_julia.maria,27,,46,errado,,1,,
SimUFSC 2022.1 - [Einstein Floripa] - Dia 2 - AE,[Einstein Floripa] - SimUFSC 2022.1 (AE - Inglês),Júlia Maria da Silva,brasilcursinhos_julia.maria,28,,21,errado,,1,,
SimUFSC 2022.1 - [Einstein Floripa] - Dia 2 - AE,[Einstein Floripa] - SimUFSC 2022.1 (AE - Inglês),Júlia Maria da Silva,brasilcursinhos_julia.maria,29,,17,errado,,1,,
SimUFSC 2022.1 - [Einstein Floripa] - Dia 2 - AE,[Einstein Floripa] - SimUFSC 2022.1 (AE - Inglês),Júlia Maria da Silva,brasilcursinhos_julia.maria,30,,25,errado,,1,,
SimUFSC 2022.1 - [Einstein Floripa] - Dia 2 - AE,[Einstein Floripa] - SimUFSC 2022.1 (AE - Inglês),Júlia Maria da Silva,brasilcursinhos_julia.maria,31,,81,errado,,1,,
SimUFSC 2022.1 - [Einstein Floripa] - Dia 2 - AE,[Einstein Floripa] - SimUFSC 2022.1 (AE - Inglês),Júlia Maria da Silva,brasilcursinhos_julia.maria,32,,52,errado,,1,,
SimUFSC 2022.1 - [Einstein Floripa] - Dia 2 - AE,[Einstein Floripa] - SimUFSC 2022.1 (AE - Inglês),Júlia Maria da Silva,brasilcursinhos_julia.maria,33,,18,errado,,1,,
SimUFSC 2022.1 - [Einstein Floripa] - Dia 2 - AE,[Einstein Floripa] - SimUFSC 2022.1 (AE - Inglês),Júlia Maria da Silva,brasilcursinhos_julia.maria,34,,25,errado,,1,,
SimUFSC 2022.1 - [Einstein Floripa] - Dia 2 - AE,[Einstein Floripa] - SimUFSC 2022.1 (AE - Inglês),Júlia Maria da Silva,brasilcursinhos_julia.maria,35,,12,errado,,1,,
SimUFSC 2022.1 - [Einstein Floripa] - Dia 2 - AE,[Einstein Floripa] - SimUFSC 2022.1 (AE - Inglês),Júlia Maria da Silva,brasilcursinhos_julia.maria,36,,31,errado,,1,,
SimUFSC 2022.1 - [Einstein Floripa] - Dia 2 - AE,[Einstein Floripa] - SimUFSC 2022.1 (AE - Inglês),Júlia Maria da Silva,brasilcursinhos_julia.maria,37,,98,errado,,1,,
SimUFSC 2022.1 - [Einstein Floripa] - Dia 2 - AE,[Einstein Floripa] - SimUFSC 2022.1 (AE - Inglês),Júlia Maria da Silva,brasilcursinhos_julia.maria,38,,74,errado,,1,,
SimUFSC 2022.1 - [Einstein Floripa] - Dia 2 - AE,[Einstein Floripa] - SimUFSC 2022.1 (AE - Inglês),Júlia Maria da Silva,brasilcursinhos_julia.maria,39,,3,errado,,1,,
SimUFSC 2022.1 - [Einstein Floripa] - Dia 2 - AE,[Einstein Floripa] - SimUFSC 2022.1 (AE - Inglês),Júlia Maria da Silva,brasilcursinhos_julia.maria,40,,20,errado,,1,,
SimUFSC 2022.1 - [Einstein Floripa] - Dia 2 - AE,[Einstein Floripa] - SimUFSC 2022.1 (AE - Inglês),Sophia Helena Souza Rodrigues,brasilcursinhos_sophia.helena,1,2,14,errado,245,"1,25",,
SimUFSC 2022.1 - [Einstein Floripa] - Dia 2 - AE,[Einstein Floripa] - SimUFSC 2022.1 (AE - Inglês),Sophia Helena Souza Rodrigues,brasilcursinhos_sophia.helena,2,6,30,errado,233,"1,25",,
SimUFSC 2022.1 - [Einstein Floripa] - Dia 2 - AE,[Einstein Floripa] - SimUFSC 2022.1 (AE - Inglês),Sophia Helena Souza Rodrigues,brasilcursinhos_sophia.helena,3,14,14,certo,204,"1,25",,
SimUFSC 2022.1 - [Einstein Floripa] - Dia 2 - AE,[Einstein Floripa] - SimUFSC 2022.1 (AE - Inglês),Sophia Helena Souza Rodrigues,brasilcursinhos_sophia.helena,4,2,28,errado,205,"1,25",,
SimUFSC 2022.1 - [Einstein Floripa] - Dia 2 - AE,[Einstein Floripa] - SimUFSC 2022.1 (AE - Inglês),Sophia Helena Souza Rodrigues,brasilcursinhos_sophia.helena,5,22,22,certo,135,"1,25",,
SimUFSC 2022.1 - [Einstein Floripa] - Dia 2 - AE,[Einstein Floripa] - SimUFSC 2022.1 (AE - Inglês),Sophia Helena Souza Rodrigues,brasilcursinhos_sophia.helena,6,13,33,errado,209,"1,25",,
SimUFSC 2022.1 - [Einstein Floripa] - Dia 2 - AE,[Einstein Floripa] - SimUFSC 2022.1 (AE - Inglês),Sophia Helena Souza Rodrigues,brasilcursinhos_sophia.helena,7,32,25,errado,162,"1,25",,
SimUFSC 2022.1 - [Einstein Floripa] - Dia 2 - AE,[Einstein Floripa] - SimUFSC 2022.1 (AE - Inglês),Sophia Helena Souza Rodrigues,brasilcursinhos_sophia.helena,8,8,43,errado,134,"1,25",,
SimUFSC 2022.1 - [Einstein Floripa] - Dia 2 - AE,[Einstein Floripa] - SimUFSC 2022.1 (AE - Inglês),Sophia Helena Souza Rodrigues,brasilcursinhos_sophia.helena,9,1,13,errado,165,"1,42857",,
SimUFSC 2022.1 - [Einstein Floripa] - Dia 2 - AE,[Einstein Floripa] - SimUFSC 2022.1 (AE - Inglês),Sophia Helena Souza Rodrigues,brasilcursinhos_sophia.helena,10,3,01,errado,217,"1,42857",,
SimUFSC 2022.1 - [Einstein Floripa] - Dia 2 - AE,[Einstein Floripa] - SimUFSC 2022.1 (AE - Inglês),Sophia Helena Souza Rodrigues,brasilcursinhos_sophia.helena,11,8,48,errado,218,"1,42857",,
SimUFSC 2022.1 - [Einstein Floripa] - Dia 2 - AE,[Einstein Floripa] - SimUFSC 2022.1 (AE - Inglês),Sophia Helena Souza Rodrigues,brasilcursinhos_sophia.helena,12,4,85,errado,176,"1,42857",,
SimUFSC 2022.1 - [Einstein Floripa] - Dia 2 - AE,[Einstein Floripa] - SimUFSC 2022.1 (AE - Inglês),Sophia Helena Souza Rodrigues,brasilcursinhos_sophia.helena,13,38,54.,errado,157,"1,42857",,
SimUFSC 2022.1 - [Einstein Floripa] - Dia 2 - AE,[Einstein Floripa] - SimUFSC 2022.1 (AE - Inglês),Sophia Helena Souza Rodrigues,brasilcursinhos_sophia.helena,14,13,76.,errado,176,"1,42857",,
SimUFSC 2022.1 - [Einstein Floripa] - Dia 2 - AE,[Einstein Floripa] - SimUFSC 2022.1 (AE - Inglês),Sophia Helena Souza Rodrigues,brasilcursinhos_sophia.helena,15,74,92.,errado,145,"1,42858",,
SimUFSC 2022.1 - [Einstein Floripa] - Dia 2 - AE,[Einstein Floripa] - SimUFSC 2022.1 (AE - Inglês),Sophia Helena Souza Rodrigues,brasilcursinhos_sophia.helena,16,14,38,errado,243,"2,5",,
SimUFSC 2022.1 - [Einstein Floripa] - Dia 2 - AE,[Einstein Floripa] - SimUFSC 2022.1 (AE - Inglês),Sophia Helena Souza Rodrigues,brasilcursinhos_sophia.helena,17,1,25,errado,69,"2,5",,
SimUFSC 2022.1 - [Einstein Floripa] - Dia 2 - AE,[Einstein Floripa] - SimUFSC 2022.1 (AE - Inglês),Sophia Helena Souza Rodrigues,brasilcursinhos_sophia.helena,18,16,41,errado,156,"2,5",,
SimUFSC 2022.1 - [Einstein Floripa] - Dia 2 - AE,[Einstein Floripa] - SimUFSC 2022.1 (AE - Inglês),Sophia Helena Souza Rodrigues,brasilcursinhos_sophia.helena,19,16,23,errado,210,"2,5",,
SimUFSC 2022.1 - [Einstein Floripa] - Dia 2 - AE,[Einstein Floripa] - SimUFSC 2022.1 (AE - Inglês),Sophia Helena Souza Rodrigues,brasilcursinhos_sophia.helena,20,"<p><span style=""font-size: 12pt;"">ok</span></p>",,não corrigido,104,10,,
SimUFSC 2022.1 - [Einstein Floripa] - Dia 2 - AE,[Einstein Floripa] - SimUFSC 2022.1 (AE - Inglês),Sophia Helena Souza Rodrigues,brasilcursinhos_sophia.helena,21,8,81,errado,145,1,,
SimUFSC 2022.1 - [Einstein Floripa] - Dia 2 - AE,[Einstein Floripa] - SimUFSC 2022.1 (AE - Inglês),Sophia Helena Souza Rodrigues,brasilcursinhos_sophia.helena,22,49,39,errado,375,1,,
SimUFSC 2022.1 - [Einstein Floripa] - Dia 2 - AE,[Einstein Floripa] - SimUFSC 2022.1 (AE - Inglês),Sophia Helena Souza Rodrigues,brasilcursinhos_sophia.helena,23,37,42,errado,240,1,,
SimUFSC 2022.1 - [Einstein Floripa] - Dia 2 - AE,[Einstein Floripa] - SimUFSC 2022.1 (AE - Inglês),Sophia Helena Souza Rodrigues,brasilcursinhos_sophia.helena,24,16,53,errado,190,1,,
SimUFSC 2022.1 - [Einstein Floripa] - Dia 2 - AE,[Einstein Floripa] - SimUFSC 2022.1 (AE - Inglês),Sophia Helena Souza Rodrigues,brasilcursinhos_sophia.helena,25,1,09,errado,152,1,,
SimUFSC 2022.1 - [Einstein Floripa] - Dia 2 - AE,[Einstein Floripa] - SimUFSC 2022.1 (AE - Inglês),Sophia Helena Souza Rodrigues,brasilcursinhos_sophia.helena,26,7,11,errado,179,1,,
SimUFSC 2022.1 - [Einstein Floripa] - Dia 2 - AE,[Einstein Floripa] - SimUFSC 2022.1 (AE - Inglês),Sophia Helena Souza Rodrigues,brasilcursinhos_sophia.helena,27,37,46,errado,144,1,,
SimUFSC 2022.1 - [Einstein Floripa] - Dia 2 - AE,[Einstein Floripa] - SimUFSC 2022.1 (AE - Inglês),Sophia Helena Souza Rodrigues,brasilcursinhos_sophia.helena,28,19,21,errado,57,1,,
SimUFSC 2022.1 - [Einstein Floripa] - Dia 2 - AE,[Einstein Floripa] - SimUFSC 2022.1 (AE - Inglês),Sophia Helena Souza Rodrigues,brasilcursinhos_sophia.helena,29,16,17,errado,47,1,,
SimUFSC 2022.1 - [Einstein Floripa] - Dia 2 - AE,[Einstein Floripa] - SimUFSC 2022.1 (AE - Inglês),Sophia Helena Souza Rodrigues,brasilcursinhos_sophia.helena,30,18[10^(-1)A],25,errado,69,1,,
SimUFSC 2022.1 - [Einstein Floripa] - Dia 2 - AE,[Einstein Floripa] - SimUFSC 2022.1 (AE - Inglês),Sophia Helena Souza Rodrigues,brasilcursinhos_sophia.helena,31,50,81,errado,405,1,,
SimUFSC 2022.1 - [Einstein Floripa] - Dia 2 - AE,[Einstein Floripa] - SimUFSC 2022.1 (AE - Inglês),Sophia Helena Souza Rodrigues,brasilcursinhos_sophia.helena,32,41,52,errado,415,1,,
SimUFSC 2022.1 - [Einstein Floripa] - Dia 2 - AE,[Einstein Floripa] - SimUFSC 2022.1 (AE - Inglês),Sophia Helena Souza Rodrigues,brasilcursinhos_sophia.helena,33,4,18,errado,53,1,,
SimUFSC 2022.1 - [Einstein Floripa] - Dia 2 - AE,[Einstein Floripa] - SimUFSC 2022.1 (AE - Inglês),Sophia Helena Souza Rodrigues,brasilcursinhos_sophia.helena,34,70,25,errado,164,1,,
SimUFSC 2022.1 - [Einstein Floripa] - Dia 2 - AE,[Einstein Floripa] - SimUFSC 2022.1 (AE - Inglês),Sophia Helena Souza Rodrigues,brasilcursinhos_sophia.helena,35,8,12,errado,116,1,,
SimUFSC 2022.1 - [Einstein Floripa] - Dia 2 - AE,[Einstein Floripa] - SimUFSC 2022.1 (AE - Inglês),Sophia Helena Souza Rodrigues,brasilcursinhos_sophia.helena,36,22,31,errado,89,1,,
SimUFSC 2022.1 - [Einstein Floripa] - Dia 2 - AE,[Einstein Floripa] - SimUFSC 2022.1 (AE - Inglês),Sophia Helena Souza Rodrigues,brasilcursinhos_sophia.helena,37,64,98,errado,295,1,,
SimUFSC 2022.1 - [Einstein Floripa] - Dia 2 - AE,[Einstein Floripa] - SimUFSC 2022.1 (AE - Inglês),Sophia Helena Souza Rodrigues,brasilcursinhos_sophia.helena,38,56,74,errado,450,1,,
SimUFSC 2022.1 - [Einstein Floripa] - Dia 2 - AE,[Einstein Floripa] - SimUFSC 2022.1 (AE - Inglês),Sophia Helena Souza Rodrigues,brasilcursinhos_sophia.helena,39,28,3,errado,115,1,,
SimUFSC 2022.1 - [Einstein Floripa] - Dia 2 - AE,[Einstein Floripa] - SimUFSC 2022.1 (AE - Inglês),Sophia Helena Souza Rodrigues,brasilcursinhos_sophia.helena,40,28,20,errado,146,1,,
SimUFSC 2022.1 - [Einstein Floripa] - Dia 2 - AE,[Einstein Floripa] - SimUFSC 2022.1 (AE - Inglês),Thifany Bauer Borges,brasilcursinhos_thifany.bauer,1,,14,errado,,"1,25",,
SimUFSC 2022.1 - [Einstein Floripa] - Dia 2 - AE,[Einstein Floripa] - SimUFSC 2022.1 (AE - Inglês),Thifany Bauer Borges,brasilcursinhos_thifany.bauer,2,,30,errado,,"1,25",,
SimUFSC 2022.1 - [Einstein Floripa] - Dia 2 - AE,[Einstein Floripa] - SimUFSC 2022.1 (AE - Inglês),Thifany Bauer Borges,brasilcursinhos_thifany.bauer,3,,14,errado,,"1,25",,
SimUFSC 2022.1 - [Einstein Floripa] - Dia 2 - AE,[Einstein Floripa] - SimUFSC 2022.1 (AE - Inglês),Thifany Bauer Borges,brasilcursinhos_thifany.bauer,4,,28,errado,,"1,25",,
SimUFSC 2022.1 - [Einstein Floripa] - Dia 2 - AE,[Einstein Floripa] - SimUFSC 2022.1 (AE - Inglês),Thifany Bauer Borges,brasilcursinhos_thifany.bauer,5,,22,errado,,"1,25",,
SimUFSC 2022.1 - [Einstein Floripa] - Dia 2 - AE,[Einstein Floripa] - SimUFSC 2022.1 (AE - Inglês),Thifany Bauer Borges,brasilcursinhos_thifany.bauer,6,,33,errado,,"1,25",,
SimUFSC 2022.1 - [Einstein Floripa] - Dia 2 - AE,[Einstein Floripa] - SimUFSC 2022.1 (AE - Inglês),Thifany Bauer Borges,brasilcursinhos_thifany.bauer,7,,25,errado,,"1,25",,
SimUFSC 2022.1 - [Einstein Floripa] - Dia 2 - AE,[Einstein Floripa] - SimUFSC 2022.1 (AE - Inglês),Thifany Bauer Borges,brasilcursinhos_thifany.bauer,8,,43,errado,,"1,25",,
SimUFSC 2022.1 - [Einstein Floripa] - Dia 2 - AE,[Einstein Floripa] - SimUFSC 2022.1 (AE - Inglês),Thifany Bauer Borges,brasilcursinhos_thifany.bauer,9,,13,errado,,"1,42857",,
SimUFSC 2022.1 - [Einstein Floripa] - Dia 2 - AE,[Einstein Floripa] - SimUFSC 2022.1 (AE - Inglês),Thifany Bauer Borges,brasilcursinhos_thifany.bauer,10,,01,errado,,"1,42857",,
SimUFSC 2022.1 - [Einstein Floripa] - Dia 2 - AE,[Einstein Floripa] - SimUFSC 2022.1 (AE - Inglês),Thifany Bauer Borges,brasilcursinhos_thifany.bauer,11,,48,errado,,"1,42857",,
SimUFSC 2022.1 - [Einstein Floripa] - Dia 2 - AE,[Einstein Floripa] - SimUFSC 2022.1 (AE - Inglês),Thifany Bauer Borges,brasilcursinhos_thifany.bauer,12,,85,errado,,"1,42857",,
SimUFSC 2022.1 - [Einstein Floripa] - Dia 2 - AE,[Einstein Floripa] - SimUFSC 2022.1 (AE - Inglês),Thifany Bauer Borges,brasilcursinhos_thifany.bauer,13,,54.,errado,,"1,42857",,
SimUFSC 2022.1 - [Einstein Floripa] - Dia 2 - AE,[Einstein Floripa] - SimUFSC 2022.1 (AE - Inglês),Thifany Bauer Borges,brasilcursinhos_thifany.bauer,14,,76.,errado,,"1,42857",,
SimUFSC 2022.1 - [Einstein Floripa] - Dia 2 - AE,[Einstein Floripa] - SimUFSC 2022.1 (AE - Inglês),Thifany Bauer Borges,brasilcursinhos_thifany.bauer,15,,92.,errado,,"1,42858",,
SimUFSC 2022.1 - [Einstein Floripa] - Dia 2 - AE,[Einstein Floripa] - SimUFSC 2022.1 (AE - Inglês),Thifany Bauer Borges,brasilcursinhos_thifany.bauer,16,,38,errado,,"2,5",,
SimUFSC 2022.1 - [Einstein Floripa] - Dia 2 - AE,[Einstein Floripa] - SimUFSC 2022.1 (AE - Inglês),Thifany Bauer Borges,brasilcursinhos_thifany.bauer,17,,25,errado,,"2,5",,
SimUFSC 2022.1 - [Einstein Floripa] - Dia 2 - AE,[Einstein Floripa] - SimUFSC 2022.1 (AE - Inglês),Thifany Bauer Borges,brasilcursinhos_thifany.bauer,18,,41,errado,,"2,5",,
SimUFSC 2022.1 - [Einstein Floripa] - Dia 2 - AE,[Einstein Floripa] - SimUFSC 2022.1 (AE - Inglês),Thifany Bauer Borges,brasilcursinhos_thifany.bauer,19,,23,errado,,"2,5",,
SimUFSC 2022.1 - [Einstein Floripa] - Dia 2 - AE,[Einstein Floripa] - SimUFSC 2022.1 (AE - Inglês),Thifany Bauer Borges,brasilcursinhos_thifany.bauer,20,,,não corrigido,,10,,
SimUFSC 2022.1 - [Einstein Floripa] - Dia 2 - AE,[Einstein Floripa] - SimUFSC 2022.1 (AE - Inglês),Thifany Bauer Borges,brasilcursinhos_thifany.bauer,21,,81,errado,,1,,
SimUFSC 2022.1 - [Einstein Floripa] - Dia 2 - AE,[Einstein Floripa] - SimUFSC 2022.1 (AE - Inglês),Thifany Bauer Borges,brasilcursinhos_thifany.bauer,22,,39,errado,,1,,
SimUFSC 2022.1 - [Einstein Floripa] - Dia 2 - AE,[Einstein Floripa] - SimUFSC 2022.1 (AE - Inglês),Thifany Bauer Borges,brasilcursinhos_thifany.bauer,23,,42,errado,,1,,
SimUFSC 2022.1 - [Einstein Floripa] - Dia 2 - AE,[Einstein Floripa] - SimUFSC 2022.1 (AE - Inglês),Thifany Bauer Borges,brasilcursinhos_thifany.bauer,24,,53,errado,,1,,
SimUFSC 2022.1 - [Einstein Floripa] - Dia 2 - AE,[Einstein Floripa] - SimUFSC 2022.1 (AE - Inglês),Thifany Bauer Borges,brasilcursinhos_thifany.bauer,25,,09,errado,,1,,
SimUFSC 2022.1 - [Einstein Floripa] - Dia 2 - AE,[Einstein Floripa] - SimUFSC 2022.1 (AE - Inglês),Thifany Bauer Borges,brasilcursinhos_thifany.bauer,26,,11,errado,,1,,
SimUFSC 2022.1 - [Einstein Floripa] - Dia 2 - AE,[Einstein Floripa] - SimUFSC 2022.1 (AE - Inglês),Thifany Bauer Borges,brasilcursinhos_thifany.bauer,27,,46,errado,,1,,
SimUFSC 2022.1 - [Einstein Floripa] - Dia 2 - AE,[Einstein Floripa] - SimUFSC 2022.1 (AE - Inglês),Thifany Bauer Borges,brasilcursinhos_thifany.bauer,28,,21,errado,,1,,
SimUFSC 2022.1 - [Einstein Floripa] - Dia 2 - AE,[Einstein Floripa] - SimUFSC 2022.1 (AE - Inglês),Thifany Bauer Borges,brasilcursinhos_thifany.bauer,29,,17,errado,,1,,
SimUFSC 2022.1 - [Einstein Floripa] - Dia 2 - AE,[Einstein Floripa] - SimUFSC 2022.1 (AE - Inglês),Thifany Bauer Borges,brasilcursinhos_thifany.bauer,30,,25,errado,,1,,
SimUFSC 2022.1 - [Einstein Floripa] - Dia 2 - AE,[Einstein Floripa] - SimUFSC 2022.1 (AE - Inglês),Thifany Bauer Borges,brasilcursinhos_thifany.bauer,31,,81,errado,,1,,
SimUFSC 2022.1 - [Einstein Floripa] - Dia 2 - AE,[Einstein Floripa] - SimUFSC 2022.1 (AE - Inglês),Thifany Bauer Borges,brasilcursinhos_thifany.bauer,32,,52,errado,,1,,
SimUFSC 2022.1 - [Einstein Floripa] - Dia 2 - AE,[Einstein Floripa] - SimUFSC 2022.1 (AE - Inglês),Thifany Bauer Borges,brasilcursinhos_thifany.bauer,33,,18,errado,,1,,
SimUFSC 2022.1 - [Einstein Floripa] - Dia 2 - AE,[Einstein Floripa] - SimUFSC 2022.1 (AE - Inglês),Thifany Bauer Borges,brasilcursinhos_thifany.bauer,34,,25,errado,,1,,
SimUFSC 2022.1 - [Einstein Floripa] - Dia 2 - AE,[Einstein Floripa] - SimUFSC 2022.1 (AE - Inglês),Thifany Bauer Borges,brasilcursinhos_thifany.bauer,35,,12,errado,,1,,
SimUFSC 2022.1 - [Einstein Floripa] - Dia 2 - AE,[Einstein Floripa] - SimUFSC 2022.1 (AE - Inglês),Thifany Bauer Borges,brasilcursinhos_thifany.bauer,36,,31,errado,,1,,
SimUFSC 2022.1 - [Einstein Floripa] - Dia 2 - AE,[Einstein Floripa] - SimUFSC 2022.1 (AE - Inglês),Thifany Bauer Borges,brasilcursinhos_thifany.bauer,37,,98,errado,,1,,
SimUFSC 2022.1 - [Einstein Floripa] - Dia 2 - AE,[Einstein Floripa] - SimUFSC 2022.1 (AE - Inglês),Thifany Bauer Borges,brasilcursinhos_thifany.bauer,38,,74,errado,,1,,
SimUFSC 2022.1 - [Einstein Floripa] - Dia 2 - AE,[Einstein Floripa] - SimUFSC 2022.1 (AE - Inglês),Thifany Bauer Borges,brasilcursinhos_thifany.bauer,39,,3,errado,,1,,
SimUFSC 2022.1 - [Einstein Floripa] - Dia 2 - AE,[Einstein Floripa] - SimUFSC 2022.1 (AE - Inglês),Thifany Bauer Borges,brasilcursinhos_thifany.bauer,40,,20,errado,,1,,
